text,type,freq,current_candidate,surface_form,in_predictions,context
bệnh dại,CHẨN_ĐOÁN,35,A82.9,Bệnh dại,1,"Em chào bác sỹ Cho em hỏi em có bị thương nhẹ ở tay nhưng bị chảy máu,sau đó khoảng 10 phút em có chơi với 1 con chó con nhà em (chó chưa tiêm dại) tuổi có có dính nước dãi của chó con vào tay. Hôm qua em vô tình đọc được thông tin là nếu dính nước dãi chó vẫn có nguy cơ lây bệnh dại. Vậy bác sỹ cho em hỏi trong trường hợp của em có bị sao không ạ? || Mong nhận được sự tư vấn của bác sỹ Câu trả lời của bác sĩ: Chào bạn, Để giải đáp thắc mắc của bạn, tôi xin chia sẻ một số thông tin như sau: Bệnh dại chỉ không chỉ lây qua vết cắn của động vật. Đường lây bệnh dại phổ biến nhất là do bị động vật dại cắn."
tăng huyết áp,CHẨN_ĐOÁN,28,I10,Tăng huyết áp,1,"- béo phì - Tăng huyết áp nguyên phát. Tiền sử phẫu thuật / thủ thuật: Sinh thiết nội mạc tử cung gần đây || - Bệnh bạch cầu dòng tủy mãn tính đang dùng gleevec - Tăng huyết áp - tăng lipid máu, không đặc hiệu"
mày đay vô căn,CHẨN_ĐOÁN,19,L50.1,mày đay vô căn,1,"Nhuộm huỳnh quang miễn dịch tổn thương sinh thiết không thấy có hình ảnh của lắng đọng các phức hợp miễn dịch, bổ thể hay sợi fibrin. Đối với bệnh lý mày đay vô căn, để lâu thường không có biến chứng gì nặng, chủ yếu bệnh làm ảnh hưởng tới chất lượng cuộc sống. Mày đay vô căn là một bệnh mạn tính, việc điều trị phải lâu dài và liên tục. || Đối với bệnh lý mày đay vô căn, để lâu thường không có biến chứng gì nặng, chủ yếu bệnh làm ảnh hưởng tới chất lượng cuộc sống. Mày đay vô căn là một bệnh mạn tính, việc điều trị phải lâu dài và liên tục. Quá trình điều trị chỉ là điều trị triệu chứng."
đái tháo đường,CHẨN_ĐOÁN,13,E11.9,đái tháo đường,1,"ăng huyết áp.Rối loạn lipid máu. Đái tháo đường.2. Bệnh sử Lý do vào viện: Cơn rối loạn ý thức thoáng qua, nghi ngờ cơn co giật. || • Tăng huyết áp • Đái tháo đường • Rối loạn lipid máu"
suy kiệt,CHẨN_ĐOÁN,12,R64,suy kiệt,1,"- Toàn trạng suy kiệt kể từ khi xuất viện - ảo giác dai dẳng - Lú lẫn ngày càng nặng || - Ăn uống kém, ăn vào dễ nôn. - Nôn không ra máu, không ra dịch mật • Bệnh amyloidosis chuỗi nhẹ • Bệnh amyloidosis tự miễn dịch • Bệnh amyloidosis di truyền hoặc gia đình Bệnh thoái hóa tinh bột là một bệnh đa hệ thống dẫn đến nhiều biểu hiện lâm sàng khác nhau, Hiện nay chưa có phương pháp điều trị tận gốc amyloidosis.Tuy nhiên, các phương pháp điều trị có thể giúp bạn kiểm soát các triệu chứng "
thiếu men,CHẨN_ĐOÁN,12,D55.0,thiếu men,1,1. Thiếu men G6PD là bệnh gì? Thiếu men G6PD (Glucose-6-Phosphate Dehydrogenase) là một bệnh di truyền lặn liên kết với nhiễm sắc thể X. || Thiếu men G6PD là bệnh gì? Thiếu men G6PD (Glucose-6-Phosphate Dehydrogenase) là một bệnh di truyền lặn liên kết với nhiễm sắc thể X. Trẻ mắc bệnh là do nhận gen lặn bất thường trên nhiễm sắc thể giới tính từ bố và/hoặc mẹ.
nhiễm khuẩn đường tiết niệu,CHẨN_ĐOÁN,11,N39.0,nhiễm khuẩn đường tiết niệu,1,"- ảo giácxuất hiện khoảng một tháng trước. - Đã được điều trị nhiễm khuẩn đường tiết niệu, vị trí không xác định. - Thuốc giảm đau đã ngừng. || - Thuốc giảm đau đã ngừng. - Không có thay đổi đáng kể về triệu chứng mặc dù đã điều trị nhiễm khuẩn đường tiết niệu, vị trí không xác định và ngừng thuốc giảm đau. - Liều gleevec đã ngừng cách nhập viện 5 ngày."
viêm dạ dày ruột do virus,CHẨN_ĐOÁN,11,A08.4,viêm dạ dày ruột do virus,1,"- Tái phát buồn nôn và tiêu chảy cách đây vài năm - Nôn ra máu 2 tuần sau tập viêm dạ dày ruột do virus - Nôn ra máu trong 2 ngày qua || - Tập viêm dạ dày ruột do virus (trong năm nay) - Tiếp tục khó khăn khi ăn uống qua đường miệng, buồn nôn và tiêu chảy (2 tuần sau tập viêm dạ dày ruột do virus) - Nôn ra máu (2 tuần sau tập viêm dạ dày ruột do virus)"
béo phì,CHẨN_ĐOÁN,10,E66.9,béo phì,1,"Kinh nguyệt của bạn thưa, uống thuốc tránh thai kinh nguyệt bình thường bạn cần đi khám để đánh giá bệnh lý cụ thể. Rất có thể bạn bị Hội chứng buồng trứng đa nang (bao gồm rậm lông, béo phì, siêu âm buồng trứng có nhiều nang …) và đây cũng là nguyên nhân gây vô sinh. Chúc bạn nhiều sức khoẻ! || - béo phì - Tăng huyết áp nguyên phát. Tiền sử phẫu thuật / thủ thuật: Sinh thiết nội mạc tử cung gần đây"
bệnh thoái hóa tinh bột,CHẨN_ĐOÁN,10,E85.9,Bệnh thoái hóa tinh bột,1,"Cảm ơn bạn đã gửi câu hỏi cho chúng tôi. Trả lời câu hỏi của bạn:Bệnh thoái hóa tinh bột (hay bệnh amyloidosis) là một bệnh gây lắng đọng protein hiếm gặp và nghiêm trọng. Nguyên nhân là do một loại protein bất thường gọi là amyloid tích tụ trong các mô hoặc cơ quan. || Cuối cùng, sự lắng đọng protein amyloid sẽ bắt đầu gây ra các triệu chứng và suy các cơ quan, thậm chí có thể gây tử vong. Tình trạng lắng đọng của protein amyloid trong bệnh thoái hóa tinh bột có thể khu trú ở bất kỳ cơ quan nào trong cơ thể, chẳng hạn như phổi, da, bàng quang hoặc ruột hay có thể là toàn thân. Đây cũng là dạng phổ biến nhất."
hạ huyết áp,CHẨN_ĐOÁN,10,I95.9,hạ huyết áp,1,"- Bị một cơn nhịp tim chậm nặng và hạ huyết áp ngay sau khi study. - Cơn bệnh tự khỏi sau khi dùng intravenous fluids. - Chụp lại chụp ct sọ não, kết quả âm tính. || - Chụp lại chụp ct sọ não, kết quả âm tính. - Đã dùng kháng sinh cho nhiễm trùng nhiễm trùng răng miệng gần đây. Tình trạng ngay trước khi nhập viện"
trầm cảm,CHẨN_ĐOÁN,10,F32.9,trầm cảm,1,"Các bệnh lý mạn tính - ho Rối loạn cảm xúc (trầm cảm) (tiền sử giai đoạn trầm cảm không đặc hiệu) - hội chứng nghiện rượu || - Tác dụng phụ của thuốc: Sử dụng một số loại thuốc có thể gây hôi miệng kèm chảy máu chân răng. Các loại thuốc gồm: Kháng histamin H1, thuốc chống trầm cảm, thuốc lợi tiểu, thuốc kháng sinh, thuốc chống nôn,.. -Hút thuốc lá: Thành phần trong thuốc lá gây hỏng men răng, gai lưỡi phát triển quá mức khiến vi khuẩn xâm nhập, gây hôi miệng, chảy máu chân răng và mất răng."
viêm sung huyết hang vị dạ dày,CHẨN_ĐOÁN,10,K29.6,viêm sung huyết hang vị dạ dày,1,"Trước kia bệnh dạ dày được coi là bệnh nan y và nguy hiểm nhưng mấy chục năm gần đây nhờ nội soi phát triển nên bệnh đã được điều trị hiệu quả. Để điều trị dứt điểm bệnh viêm sung huyết hang vị dạ dày, trước hết, người bệnh cần được thăm khám chuyên khoa, nội soi dạ dày để tìm nguyên nhân, đánh giá mức độ bệnh. Căn cứ trên kết quả khám, các bác sĩ sẽ đưa ra phác đồ điều trị hiệu quả nhất cho từng  || Không được bỏ thuốc giữa chừng cũng như không được tự ý tăng giảm liều lượng thuốc mà chưa có sự đồng ý của bác sĩ. Ngoài ra, người bị viêm sung huyết hang vị dạ dày có thể sử dụng sản phẩm từ thiên nhiên như nghệ, mật ong... để hỗ trợ điều trị."
mày đay,CHẨN_ĐOÁN,9,L50.9,MÀY đay,1,Đây là tình trạng hay gặp nhất của MÀY ĐAY MẠN TÍNH. Tổn thương mô bệnh học chủ yếu là tình trạng xâm nhập của tế bào một nhân kết hợp với lympho T và đại thực bào. Các tổn thương khó quan sát trên kính hiển vi quang học thông thường mà cần xem trên kính hiển vi điện tử. || Chúng ta không tìm được nguyên nhân gây bệnh. Đây là tình trạng hay gặp nhất của MÀY ĐAY MẠN TÍNH. Tổn thương mô bệnh học chủ yếu là tình trạng xâm nhập của tế bào một nhân kết hợp với lympho T và đại thực bào.
suy tim,CHẨN_ĐOÁN,9,I50.9,suy tim,1,"• Giới tính: Trẻ trai mắc bệnh nhiều hơn trẻ gái. • Đặc điểm nguy hiểm: Giai đoạn đầu có thể chưa quá nghiêm trọng, nhưng nếu không điều trị kịp thời, bệnh có thể dẫn đến viêm tim, phình giãn động mạch vành, đột tử, nhồi máu cơ tim, hoặc hẹp tắc mạch vành gây suy tim về sau. Tóm lại: Kawasaki là bệnh viêm mạch máu nguy hiểm, cần phát hiện sớm để tránh biến chứng nặng. || Bệnh mạch vành là tình trạng hẹp hoặc tắc các động mạch vành – những mạch máu có nhiệm vụ nuôi dưỡng cơ tim. Nguyên nhân chủ yếu là xơ vữa động mạch, làm giảm tưới máu cơ tim, gây thiếu oxy cơ tim, từ đó dẫn đến đau thắt ngực, nhồi máu cơ tim, suy tim hoặc đột tử . 2."
tăng men gan,CHẨN_ĐOÁN,9,R74.0,tăng men gan,1,Tiêu chuẩn chẩn đoán Sốt ≥5 ngày + 4/5 tiêu chí sau: 1. || - tăng men gan nhẹ (lần nhập viện trước) - tbr là cao tới 1.0 sau đó cải thiện (lần nhập viện trước) - các xét nghiệm khác có xu hướng giảm (lần nhập viện trước)
amyloidosis,CHẨN_ĐOÁN,8,E85.9,amyloidosis,1,"Mặc dù bệnh thoái hóa tinh bột không được xếp thành một loại ung thư, bệnh lại có thể liên quan đến một số bệnh ung thư máu như đa u tủy. Có nhiều loại amyloidosis khác nhau, bao gồm những loại sau: • Bệnh amyloidosis chuỗi nhẹ • Bệnh amyloidosis tự miễn dịch • Bệnh amyloidosis di truyền hoặc gia đình Bệnh thoái hóa tinh bột là một bệnh đa hệ thống dẫn đến nhiều biểu hiện lâm sàng khác nhau, Hiện  || - Ăn uống kém, ăn vào dễ nôn. - Nôn không ra máu, không ra dịch mật • Bệnh amyloidosis chuỗi nhẹ • Bệnh amyloidosis tự miễn dịch • Bệnh amyloidosis di truyền hoặc gia đình Bệnh thoái hóa tinh bột là một bệnh đa hệ thống dẫn đến nhiều biểu hiện lâm sàng khác nhau, Hiện nay chưa có phương pháp điều trị tận gốc amyloidosis.Tuy nhiên, các phương pháp điều trị có thể giúp bạn kiểm soát các triệu chứng "
bệnh kawasaki,CHẨN_ĐOÁN,8,M30.3,bệnh Kawasaki,1,"1. Bệnh Kawasaki là gì? Bệnh Kawasaki là tình trạng sốt cấp kéo dài, thường đi kèm phát ban toàn thân, với đặc điểm chính là viêm lan tỏa hệ mạch máu nhỏ và vừa, bao gồm động mạch vành – mạch máu quan trọng cung cấp máu cho tim. || Bệnh Kawasaki là gì? Bệnh Kawasaki là tình trạng sốt cấp kéo dài, thường đi kèm phát ban toàn thân, với đặc điểm chính là viêm lan tỏa hệ mạch máu nhỏ và vừa, bao gồm động mạch vành – mạch máu quan trọng cung cấp máu cho tim. Bệnh được mô tả lần đầu bởi bác sĩ Tomisaku Kawasaki (Nhật Bản) vào năm 1967."
bệnh bạch cầu dòng tủy mãn tính,CHẨN_ĐOÁN,7,C92.1,Bệnh bạch cầu dòng tủy mãn tính,1,"Các bệnh lý mạn tính - Bệnh bạch cầu dòng tủy mãn tính đang dùng gleevec - Tăng huyết áp || 1. Tiền sử bệnh nội Các bệnh lý mạn tính - ho Bệnh bạch cầu dòng tủy mãn tính - Tăng huyết áp - Đái tháo đường típ 2 - ho Rung nhĩ kèm đáp ứng thất nhanh - bệnh thận mạn, không đặc hiệu 2. Bệnh sử hiện tại Lý do vào viện: Khó thở tăng dần, diễn tiến nặng hơn từ sáng ngày nhập viện."
gout,CHẨN_ĐOÁN,7,M10.9,gout,1,"- Giả gout - bệnh thận mạn, không đặc hiệu Giai đoạn 4 - tăng sản tuyến tiền liệt || Chào bạn! Với những mô tả của bạn thì ông bạn đã bị bệnhgout, dạo gần đây không điều trị thường xuyên, và hình thành những hạt nhỏ ở vùng khớp như hình ảnh, đây là hạt tophi trong bệnh gout mạn tính. Sự hình thành hạt tophi: Khi mới hình thành hạt tophi có màu trắng, nhỏ, mềm, có thể di động."
mụn trứng cá,CHẨN_ĐOÁN,7,L70.0,mụn trứng cá,1,"- Chị em sử dụng thuốc quá liều gây ảnh hưởng đến tim, mạch, gan, thận... - Nồng độ hormone thay đổi nội tiết tố trong cơ thể gây ra các bệnh lý về da có thể xuất hiện nhiều mụn trứng cá, nám, tàn nhang, sạm da… - Ảnh hưởng đến tâm trạng, cảm xúc, hay thấy bồn chồn, lo lắng, bứt rứt trong người, gây giảm ham muốn, lãnh cảm, suy giảm hưng phấn đối với tình dục, ảnh hưởng đến tình cảm gia đình. Lý d || Tiền sử bệnh Các bệnh lý mạn tính - rung nhĩ - tăng huyết áp - suy tim, không đặc hiệu - béo phì Cháu năm nay 18 tuổi da rất nhiều dầu và bị mụn trứng cá từ năm lớp 8. Đến năm lớp 11 cháu đi khám da liễu, thì sau khoảng 3 tháng điều trị da cháu ít dầu hơn và dường như không còn mụn."
rung nhĩ,CHẨN_ĐOÁN,7,I48.9,rung nhĩ,1,- tiền sử rung nhĩ - phẫu thuật cắt bỏ tuyến tiền liệt (u ác của tuyến tiền liệt) - rối loạn cảm xúc lưỡng cực khác || Thuốc trước khi nhập viện: đang dùng eliquis (cho rung nhĩ) 2. Tiền sử bệnh hiện tại Lý do nhập viện: sốt và đau bụng
thiếu men g6pd,CHẨN_ĐOÁN,7,,thiếu men G6PD,1,"THIẾU MEN G6PD là gì? 1. || Khi thiếu men này, hồng cầu rất dễ bị phá hủy, dẫn đến thiếu máu tan huyết. Ở trẻ sơ sinh, vàng da nặng do thiếu men G6PD có thể gây ra nhiều biến chứng nguy hiểm như: • Bại não"
đau thắt ngực,CHẨN_ĐOÁN,7,I20.9,đau thắt ngực,1,"Câu trả lời của bác sĩ: Chào bạn, kể từ tháng 6/2012 thuốcVastarel (trimetazidin) đã được cảnh báo ở Pháp, và sau đó là ở Châu Âu và trên toàn thế giới về việc lưu ý tác dụng bất lợi của thuốc này là lớn hơn lợi ích của thuốc: như làm nặng hơn hội chứng Parkinson, gây run tay chân, mất thăng bằng khi đi hoặc run rấy toàn thân. Chính vì vậy mà thuốc bị giới hạn chỉ định ""điều trị triệu chứng đau th || Bệnh mạch vành là tình trạng hẹp hoặc tắc các động mạch vành – những mạch máu có nhiệm vụ nuôi dưỡng cơ tim. Nguyên nhân chủ yếu là xơ vữa động mạch, làm giảm tưới máu cơ tim, gây thiếu oxy cơ tim, từ đó dẫn đến đau thắt ngực, nhồi máu cơ tim, suy tim hoặc đột tử . 2."
động mạch vành,CHẨN_ĐOÁN,7,I25.9,động mạch vành,1,"Bệnh Kawasaki là gì? Bệnh Kawasaki là tình trạng sốt cấp kéo dài, thường đi kèm phát ban toàn thân, với đặc điểm chính là viêm lan tỏa hệ mạch máu nhỏ và vừa, bao gồm động mạch vành – mạch máu quan trọng cung cấp máu cho tim. Bệnh được mô tả lần đầu bởi bác sĩ Tomisaku Kawasaki (Nhật Bản) vào năm 1967. || • Siêu âm tim (quan trọng nhất để đánh giá động mạch vành) • ECG điện tâm đồ 6."
hoại tử,CHẨN_ĐOÁN,6,R02,hoại tử,1,"Cơ chế: Lúc đầu trong nhu mô phổi bị viêm xuất hiện một hay nhiều ổ viêm hóa mủ, nhu mô phổi bị đông đặc, nếu điều trị ở giai đoạn này thì thương tổn có thể phục hội hoàn toàn. Nếu không thì các ổ viêm này sẽ hoại tử lan rộng và kết hợp lại thành một ổ lớn hoại tử và có mủ. Đây là giai đoạn nung mủ cấp và áp xe phổi đã hình thành, có vỏ mỏng bao bọc. || Đây là giai đoạn nung mủ cấp và áp xe phổi đã hình thành, có vỏ mỏng bao bọc. Sau đó thương tổn các phế quản lân cận và bệnh nhân sẽ khạc ra mủ, và các tổ chức hoại tử. Sau một thời gian (khoảng 6-8 tuần) thì viêm xơ bắt đầu bao quanh ổ áp xe tạo nên nhiều vách ngăn, hoặc là mủ sẽ lan qua vùng lân cận gây nên các thương tổn mới."
huyết khối,CHẨN_ĐOÁN,6,I82.9,huyết khối,1,3. Điều trị lặp lại nếu cần • Một số trẻ cần truyền **** lần 2 hoặc sử dụng thuốc ức chế miễn dịch khác 7. || • Mảng xơ vữa to dần → hẹp lòng mạch • Nứt vỡ mảng xơ vữa → huyết khối → tắc mạch cấp Yếu tố nguy cơ
nấm bẹn,CHẨN_ĐOÁN,6,B35.6,nấm bẹn,1,"Chào bạn! Nấm bẹn là một dạng nhiễm nấm thường là do Trichophyton rubrum hoặc là T. mentagrophytes. || Các yếu tố nguy cơ chính liên quan đến môi trường ẩm ướt (thời tiết nóng, quần áo ướt và chật, chứng béo phì do có nhiều nếp gấp da). Bệnh do nhiễm nấm da mà thành nên để điều trị nấm bẹn bạn phải được sử dụng thuốc kháng nấm dạng bôi hoặc dạng uống theo chỉ định của bác sĩ da liễu với liệu trình điều trị từ 1-4 tuần. Ngoài ra để giảm thiểu nguy cơ bị lây nhiễm, hoặc tái phát nấm bẹn bạn nên: • Gi"
tràn dịch màng phổi,CHẨN_ĐOÁN,6,J91,tràn dịch màng phổi,1,"- khó thở khi gắng sức - ho mạn tính có đờm vàng loãng - ran - phù phù - dịch thanh dịch lẫn máu từ vết mổ - phân nâu dương tính guaiac Kết quả xét nghiệm: huyết khối 26.3, giảm so với hôm qua, nhưng ổn định ở mức 28 hậu phẫu tuần trước. Kết quả chẩn đoán hình ảnh: chụp x-quang ngực có xẹp phổi thùy dưới phải do chèn ép kèm tràn dịch màng phổi. Các thủ thuật đã thực hiện - Truyền dịch tĩnh mạch 75 || - dấu hiệu sinh tồn là: 98.8 65 9360 20 95 2LNC (tại khoa Cấp cứu) - dấu hiệu sinh tồn 98.6 70 10356 17 962LNC (khi đến MICU) Dấu hiệu lâm sàng - hạ huyết áp, không đặc hiệu - mệt mỏi - mệt mỏi - khó thở khi gắng sức - ho mạn tính có đờm vàng loãng - ran - phù phù - dịch thanh dịch lẫn máu từ vết mổ - phân nâu dương tính guaiac Kết quả xét nghiệm: huyết khối 26.3, giảm so với hôm qua, nhưng ổn địn"
trứng cá,CHẨN_ĐOÁN,6,L70.0,Trứng cá,1,"Câu trả lời của bác sĩ: 1.Mụn xuất hiện thông qua sự tương tác của 4 yếu tố chính: Sản xuất quá nhiều chất bã nhờn Bít tắc nang lông bởi chất bã và tế bào sừng Vi hệ tại nang lông bởi Propionibacterium acnes (vi khuẩn kỵ khí thông thường) Giải phóng các chất trung gian gây viêm Trứng cá có thể được phân loại là - Không viêm: Đặc trưng bởi nhân mụn - Viêm: Đặc trưng bởi sẹo, mụn mủ, nốt sần, và nan || - Không viêm: Đặc trưng bởi nhân mụn - Viêm: Đặc trưng bởi sẹo, mụn mủ, nốt sần, và nang 2. Trứng cá bắt nguồn từ bốn yếu tố chính: - Tăng sản tuyến bã nhờn - Sừng hóa nang lông bất thường - Vi khuẩn C. acne - Viêm tại chỗ 3.Điều trị - Nhân mụn: Tretinoin tại chỗ - Trứng cá viêm nhẹ: ******** tại chỗ đơn độc hoặc phối hợp với kháng sinh tại chỗ, ****************, hoặc cả hai"
tăng lipid máu,CHẨN_ĐOÁN,6,E78.5,tăng lipid máu,1,"- Tăng huyết áp - tăng lipid máu, không đặc hiệu - Đái tháo đường típ 2 || Đơn thuốc cụ thể cho 1 ngày 1. Medrol 16mg x 3 viên, uống 8h sáng sau ăn no 2. Omez 20mg x 1 viên, uống 8h sáng."
tăng nhãn áp,CHẨN_ĐOÁN,6,H40.9,tăng nhãn áp,1,Tiền sử phẫu thuật / thủ thuật - Phẫu thuật đặt cảng để điều trị chứng tăng nhãn áp ở thời kỳ sơ sinh - Hệ thống dẫn lưu được chỉnh sửa/thay thế khi 3 tháng tuổi - Hệ thống dẫn lưu được chỉnh sửa/thay thế lại khi [Số] tuổi 2. Tiền sử bệnh hiện tại || Các phát hiện chẩn đoán khác - Tăng nhãn áp so với chụp cắt lớp vi tính (ct) đầu từ [Date] (từ lần nhập viện trước) - Phù gai thị (theo báo cáo của bác sĩ nhãn khoa)
viêm mô tế bào,CHẨN_ĐOÁN,6,L03.9,Viêm mô tế bào,1,"Sau đó được bác sĩ điều trị khám và tăng liều cotrimoxazol, đồng thời bổ sung doxycyclin do nghi ngờ viêm mô tế bào. Bệnh nhân thấy ban đỏ quanh tổn thương giảm sau điều trị - Tuy nhiên tổn thương tiếp tục tiến triển, xuất hiện nhiều bọng nước, lan rộng sang mông phải, đau nhiều, một số vị trí rỉ dịch vàng đục giống mủ. || - Bệnh nhân kiên quyết muốn tiếp tục sử dụng doxycyclinebactrim cho khả năng Viêm mô tế bào - Cảm thấy rằng cô ấy đã có cải thiện do những loại thuốc này và không muốn ngừng chúng cho đến khi được bác sĩ Truyền nhiễm khám 3. Đánh giá tại bệnh viện"
bệnh dạ dày,CHẨN_ĐOÁN,5,K31.9,bệnh dạ dày,1,"Biểu hiện chủ yếu là đau bụng cồn cào kèm theo ợ hơi, ợ chua, có thể có cảm giác buồn nôn hoặc nôn. Trước kia bệnh dạ dày được coi là bệnh nan y và nguy hiểm nhưng mấy chục năm gần đây nhờ nội soi phát triển nên bệnh đã được điều trị hiệu quả. Để điều trị dứt điểm bệnh viêm sung huyết hang vị dạ dày, trước hết, người bệnh cần được thăm khám chuyên khoa, nội soi dạ dày để tìm nguyên nhân, đánh giá "
bệnh lý chất trắng,CHẨN_ĐOÁN,5,I67.8,bệnh lý chất trắng,1,"- chọc dò dịch não tủy là không phát hiện bất thường - đánh giá thần kinh để tìm bệnh lý chất trắng - các băng nhóm oligoclonal đang chờ kết quả || - các băng nhóm oligoclonal đang chờ kết quả - Được bác sĩ khoa tâm thần cho nhập chỉ định viện tâm thần Tình trạng ngay trước khi nhập viện: Phủ nhận tự tử chủ động, ý định, kế hoạch hiện tại khi đã lên tầng, cảm thấy an toàn"
bệnh mạch vành,CHẨN_ĐOÁN,5,I25.9,bệnh mạch vành,1,6. Dự phòng bệnh mạch vành Dự phòng tiên phát (chưa mắc bệnh) || BỆNH MẠCH VÀNH (Coronary Artery Disease – CAD) 1.
bệnh thận mạn,CHẨN_ĐOÁN,5,N18.9,bệnh thận mạn,1,"- Giả gout - bệnh thận mạn, không đặc hiệu Giai đoạn 4 - tăng sản tuyến tiền liệt || 1. Tiền sử bệnh nội Các bệnh lý mạn tính - ho Bệnh bạch cầu dòng tủy mãn tính - Tăng huyết áp - Đái tháo đường típ 2 - ho Rung nhĩ kèm đáp ứng thất nhanh - bệnh thận mạn, không đặc hiệu 2. Bệnh sử hiện tại Lý do vào viện: Khó thở tăng dần, diễn tiến nặng hơn từ sáng ngày nhập viện."
kawasaki,CHẨN_ĐOÁN,5,M30.3,Kawasaki,1,"Bệnh Kawasaki là tình trạng sốt cấp kéo dài, thường đi kèm phát ban toàn thân, với đặc điểm chính là viêm lan tỏa hệ mạch máu nhỏ và vừa, bao gồm động mạch vành – mạch máu quan trọng cung cấp máu cho tim. Bệnh được mô tả lần đầu bởi bác sĩ Tomisaku Kawasaki (Nhật Bản) vào năm 1967. • Độ tuổi thường gặp: Chủ yếu ở trẻ dưới 5 tuổi, đặc biệt là nhóm bú mẹ. || • Đặc điểm nguy hiểm: Giai đoạn đầu có thể chưa quá nghiêm trọng, nhưng nếu không điều trị kịp thời, bệnh có thể dẫn đến viêm tim, phình giãn động mạch vành, đột tử, nhồi máu cơ tim, hoặc hẹp tắc mạch vành gây suy tim về sau. Tóm lại: Kawasaki là bệnh viêm mạch máu nguy hiểm, cần phát hiện sớm để tránh biến chứng nặng. 2."
loét tá tràng,CHẨN_ĐOÁN,5,K26.9,loét tá tràng,1,"- Nội soi (cách đây vài năm, phát hiện loét tá tràng) - Nội soi (cho thấy nhiều loét tá tràng và hồi tràng) - nội soi (Viêm thực quản độ C, loét thực quản dưới 6 mm có điểm sắc tố, nhiều loét nông sạch đáy ở tá tràng và hồi tràng sớm) || - Triệu chứng cách đây vài năm: tái phát buồn nôn và tiêu chảy, chẩn đoán hội chứng ruột kích thích, phát hiện loét tá tràng khi nội soi. - Trong năm nay: không thể giữ được bất cứ thứ gì, chẩn đoán viêm dạ dày ruột do virus. - 2 tuần sau điều trị viêm dạ dày ruột do virus: tiếp tục khó khăn khi ăn uống qua đường miệng, buồn nôn, tiêu chảy, nôn ra máu."
mụn,CHẨN_ĐOÁN,5,L70.9,mụn,1,"Câu trả lời của bác sĩ: 1.Mụn xuất hiện thông qua sự tương tác của 4 yếu tố chính: Sản xuất quá nhiều chất bã nhờn Bít tắc nang lông bởi chất bã và tế bào sừng Vi hệ tại nang lông bởi Propionibacterium acnes (vi khuẩn kỵ khí thông thường) Giải phóng các chất trung gian gây viêm Trứng cá có thể được phân loại là - Không viêm: Đặc trưng bởi nhân mụn - Viêm: Đặc trưng bởi sẹo, mụn mủ, nốt sần, và nan || Bạn vẫn nên đi khám lại để bác sĩ chuyên khoa tư vấn về thuốc và chăm sóc da mụn. Bạn vẫn có thể điều trị nhiều phương pháp mà không ảnh hưởng đến sức khỏe sinh sản. Chăm sóc da mụn một cách khoa học sẽ làm giảm dầu, giảm nhân mụn và có làn da đẹp."
rối loạn lo âu,CHẨN_ĐOÁN,5,F41.9,rối loạn lo âu,1,"Mất ngủ cũng phổ biến với thai kỳ. Lời khuyên dành cho bạn: - Chủ động giải quyết những sang chấn tâm lý có khả năng gây ra các rối loạn lo âu,trầm cảm, stress. - Thiết lập chế độ làm việc, nghỉ ngơi, luyện tập hợp lý, khoa học. || Bệnh lý mãn tính - trầm cảm và rối loạn lo âu 2. Bệnh sử hiện tại"
thiếu máu cơ tim,CHẨN_ĐOÁN,5,I25.9,thiếu máu cơ tim,1,• Nhồi máu cơ tim • Suy vành mạn tính Khoảng 25–30% trẻ không điều trị đúng cách sẽ bị biến chứng này. Biến chứng khác: || Nghiệm pháp gắng sức • Phát hiện thiếu máu cơ tim khi gắng sức Chụp mạch vành (tiêu chuẩn vàng)
u nang tuyến vú,CHẨN_ĐOÁN,5,N60.0,u nang tuyến vú,1,"Câu hỏi từ người dùng: Dạ e chào bác sĩ . Cho e hỏi những người mà có u lành về tuyến vú như u xơ tuyến vú hay u nang tuyến vú chẳng hạn .có thể bổ sung vitamin 3b b1 b6 b12 được ko ạ . E tìm thông tin trên mạng thì có đọc được nói rằng vitamin b12 làm kích thích khối u ung thư phát triển , còn đối với khối u lành tính có ảnh hưởng ko bác . || Đối với bệnh nhân ung thư cũng được khuyên là không nên sử dụng B12. Đối với bệnh u nang tuyến vú, u xơ tuyến vú thì cũng chưa có nghiên cứu về việc sử dụng B12 có tăng nguy cơ ung thư hay không. Tuy nhiên nếu u nang tuyến vú, u xơ tuyến vú thì việc bổ sung B12 cũng giúp bệnh nhân củng cố sức khỏe, giảm nguy cơ thiếu máu."
u xơ tuyến vú,CHẨN_ĐOÁN,5,N60.2,u xơ tuyến vú,1,"Câu hỏi từ người dùng: Dạ e chào bác sĩ . Cho e hỏi những người mà có u lành về tuyến vú như u xơ tuyến vú hay u nang tuyến vú chẳng hạn .có thể bổ sung vitamin 3b b1 b6 b12 được ko ạ . E tìm thông tin trên mạng thì có đọc được nói rằng vitamin b12 làm kích thích khối u ung thư phát triển , còn đối với khối u lành tính có ảnh hưởng ko bác . || Đối với bệnh nhân ung thư cũng được khuyên là không nên sử dụng B12. Đối với bệnh u nang tuyến vú, u xơ tuyến vú thì cũng chưa có nghiên cứu về việc sử dụng B12 có tăng nguy cơ ung thư hay không. Tuy nhiên nếu u nang tuyến vú, u xơ tuyến vú thì việc bổ sung B12 cũng giúp bệnh nhân củng cố sức khỏe, giảm nguy cơ thiếu máu."
u ác của tuyến tiền liệt,CHẨN_ĐOÁN,5,C61,u ác của tuyến tiền liệt,1,- tiền sử rung nhĩ - phẫu thuật cắt bỏ tuyến tiền liệt (u ác của tuyến tiền liệt) - rối loạn cảm xúc lưỡng cực khác || - rối loạn cảm xúc lưỡng cực khác Tiền sử phẫu thuật / thủ thuật: phẫu thuật cắt bỏ tuyến tiền liệt (u ác của tuyến tiền liệt) Thuốc trước khi nhập viện: đang dùng eliquis (cho rung nhĩ) 2.
ung thư,CHẨN_ĐOÁN,5,C80.9,ung thư,1,"Đây cũng là dạng phổ biến nhất. Mặc dù bệnh thoái hóa tinh bột không được xếp thành một loại ung thư, bệnh lại có thể liên quan đến một số bệnh ung thư máu như đa u tủy. Có nhiều loại amyloidosis khác nhau, bao gồm những loại sau: • Bệnh amyloidosis chuỗi nhẹ • Bệnh amyloidosis tự miễn dịch • Bệnh amyloidosis di truyền hoặc gia đình Bệnh thoái hóa tinh bột là một bệnh đa hệ thống dẫn đến nhiều biể || Cho e hỏi những người mà có u lành về tuyến vú như u xơ tuyến vú hay u nang tuyến vú chẳng hạn .có thể bổ sung vitamin 3b b1 b6 b12 được ko ạ . E tìm thông tin trên mạng thì có đọc được nói rằng vitamin b12 làm kích thích khối u ung thư phát triển , còn đối với khối u lành tính có ảnh hưởng ko bác . Em cảm ơn ạ Câu trả lời của bác sĩ Chào bạn!"
viêm dạ dày,CHẨN_ĐOÁN,5,K29.7,viêm dạ dày,1,"Đặc điểm của triệu chứng Em nên đến bệnh viện để được bác sĩ chuyên khoa tư vấn kĩ hơn về các xét nghiệm/siêu âm/nội soi cần thiết mà không ảnh hưởng đến thai nhi cũng như được tư vấn về chế độ ăn phù hợp, tránh tình trạng nhịn ăn dẫn đến viêm dạ dày em nhé! Chúc em luôn vui khỏe || Các sự kiện trước khi nhập viện Bệnh nhân được nội soi thực quản - dạ dày - tá tràng ngoại trú, kết quả ghi nhận viêm dạ dày. Đã ngừng sử dụng thuốc NSAIDs. Được điều trị bằng omeprazole."
viêm hang vị sung huyết,CHẨN_ĐOÁN,5,K29.6,Viêm hang vị sung huyết,1,"Câu trả lời của bác sĩ: Viêm hang vị sung huyết là tình trạng niêm mạc vùng hang vị dạ dày viêm, các mạch máu vùng viêm giãn nở do ứ máu nhiều. Biểu hiện chủ yếu là đau bụng cồn cào kèm theo ợ hơi, ợ chua, có thể có cảm giác buồn nôn hoặc nôn. || - Chụp động mạch vành cho thấy bệnh ba thân động mạch vành nghiêm trọng Các thủ thuật đã thực hiện - Chụp động mạch vành can thiệp Câu trả lời của bác sĩ: Viêm hang vị sung huyết là tình trạng niêm mạc vùng hang vị dạ dày viêm, các mạch máu vùng viêm giãn nở do ứ máu nhiều. Biểu hiện chủ yếu là đau bụng cồn cào kèm theo ợ hơi, ợ chua, có thể có cảm giác buồn nôn hoặc nôn."
đái tháo đường típ 2,CHẨN_ĐOÁN,5,E11.9,Đái tháo đường típ 2,1,"- tăng lipid máu, không đặc hiệu - Đái tháo đường típ 2 - hẹp ống sống || 1. Tiền sử bệnh nội Các bệnh lý mạn tính - ho Bệnh bạch cầu dòng tủy mãn tính - Tăng huyết áp - Đái tháo đường típ 2 - ho Rung nhĩ kèm đáp ứng thất nhanh - bệnh thận mạn, không đặc hiệu 2. Bệnh sử hiện tại Lý do vào viện: Khó thở tăng dần, diễn tiến nặng hơn từ sáng ngày nhập viện."
bệnh amyloidosis,CHẨN_ĐOÁN,4,E85.9,bệnh amyloidosis,1,"Cảm ơn bạn đã gửi câu hỏi cho chúng tôi. Trả lời câu hỏi của bạn:Bệnh thoái hóa tinh bột (hay bệnh amyloidosis) là một bệnh gây lắng đọng protein hiếm gặp và nghiêm trọng. Nguyên nhân là do một loại protein bất thường gọi là amyloid tích tụ trong các mô hoặc cơ quan. || - Ăn uống kém, ăn vào dễ nôn. - Nôn không ra máu, không ra dịch mật • Bệnh amyloidosis chuỗi nhẹ • Bệnh amyloidosis tự miễn dịch • Bệnh amyloidosis di truyền hoặc gia đình Bệnh thoái hóa tinh bột là một bệnh đa hệ thống dẫn đến nhiều biểu hiện lâm sàng khác nhau, Hiện nay chưa có phương pháp điều trị tận gốc amyloidosis.Tuy nhiên, các phương pháp điều trị có thể giúp bạn kiểm soát các triệu chứng "
hẹp ống sống,CHẨN_ĐOÁN,4,M48.0,hẹp ống sống,1,"- hẹp ống sống - Giả gout - bệnh thận mạn, không đặc hiệu Giai đoạn 4"
nang màng nhện,CHẨN_ĐOÁN,4,G93.0,nang màng nhện,1,"Khoảng 1 tháng trước nhập viện, bệnh nhân bị ngã và được chẩn đoán xuất huyết dưới nhện. Chụp cắt lớp vi tính sọ não cho hình ảnh xuất huyết dưới nhện vùng trán phải, bầm dập nhu mô vùng trán phải và trán - thái dương phải, kèm một lớp dịch dưới màng cứng mỏng vùng thùy trán phải, nghĩ nhiều đến nang màng nhện hoặc tụ dịch/tụ máu dưới màng cứng mạn tính. Các lần chụp CT theo dõi sau đó ổn định và  || Kết quả xét nghiệm & Cận lâm sàng đã có Xét nghiệm có kết quả : Kết quả Cận lâm sàng . Xét nghiệm Máu Huyết học & Đông máu:WBC : 14.99 G/L NEUT% : 82.9 % (Tăng) HGB (Hemoglobin): 92 g/L PT - INR: 1.05 Cận lâm sàng: CT sọ não trước đó ghi nhận xuất huyết dưới nhện vùng trán phải.Bầm dập nhu mô vùng trán phải và trán - thái dương phải.Lớp dịch dưới màng cứng mỏng vùng thùy trán phải, nghĩ đến nang m"
ngưng thở khi ngủ do tắc nghẽn,CHẨN_ĐOÁN,4,G47.3,Ngưng thở khi ngủ do tắc nghẽn,1,"- bệnh phổi tắc nghẽn mạn tính - Ngưng thở khi ngủ do tắc nghẽn đang dùng BiPAP - Ung thư biểu mô tế bào vảy xâm nhập của dương vậtbiệt hóa kém, sau cắt bao quy đầu với bờ diện cắt dương tính. || - béo phì - ngưng thở khi ngủ do tắc nghẽn Thuốc trước khi nhập viện"
nhịp nhanh trên thất,CHẨN_ĐOÁN,4,I47.1,nhịp nhanh trên thất,1,"2. Bệnh sử hiện tại Lý do nhập viện: tụt huyết áp không rõ nguyên nhân và mệt mỏi Thời điểm khởi phát triệu chứng: vài ngày mệt mỏi Diễn biến bệnh - Bệnh nhân nhập viện, quá trình điều trị biến chứng bởi Viêm phổi bệnh viện và rung nhĩ và nhịp nhanh trên thất, sau đó xuất viện về trung tâm phục hồi chức năng. - Bệnh nhân tái khám tại phòng khám vào ngày hẹn để cắt bỏ các mũi kẹp còn lại và thay th || Kết quả chẩn đoán hình ảnh: chụp x-quang ngực có xẹp phổi thùy dưới phải do chèn ép kèm tràn dịch màng phổi. Các thủ thuật đã thực hiện - Truyền dịch tĩnh mạch 750cc - Xông khí dung Các phát hiện chẩn đoán khác - Viêm phổi bệnh viện - Rung nhĩ kèm nhịp nhanh trên thất"
nhồi máu cơ tim,CHẨN_ĐOÁN,4,I21.9,nhồi máu cơ tim,1,"• Giới tính: Trẻ trai mắc bệnh nhiều hơn trẻ gái. • Đặc điểm nguy hiểm: Giai đoạn đầu có thể chưa quá nghiêm trọng, nhưng nếu không điều trị kịp thời, bệnh có thể dẫn đến viêm tim, phình giãn động mạch vành, đột tử, nhồi máu cơ tim, hoặc hẹp tắc mạch vành gây suy tim về sau. Tóm lại: Kawasaki là bệnh viêm mạch máu nguy hiểm, cần phát hiện sớm để tránh biến chứng nặng. || • Suy vành mạn tính Khoảng 25–30% trẻ không điều trị đúng cách sẽ bị biến chứng này. Biến chứng khác: • Viêm cơ tim"
rối loạn cảm xúc,CHẨN_ĐOÁN,4,F34.9,Rối loạn cảm xúc,1,Các bệnh lý mạn tính - ho Rối loạn cảm xúc (trầm cảm) (tiền sử giai đoạn trầm cảm không đặc hiệu) - hội chứng nghiện rượu || - phẫu thuật cắt bỏ tuyến tiền liệt (u ác của tuyến tiền liệt) - rối loạn cảm xúc lưỡng cực khác Tiền sử phẫu thuật / thủ thuật: phẫu thuật cắt bỏ tuyến tiền liệt (u ác của tuyến tiền liệt)
rối loạn lipid máu,CHẨN_ĐOÁN,4,E78.5,Rối loạn lipid máu,1,"Bệnh tim mạch do xơ vữa động mạch. ăng huyết áp.Rối loạn lipid máu. Đái tháo đường.2. || • Đái tháo đường • Rối loạn lipid máu • Béo phì, ít vận động"
thiếu máu,CHẨN_ĐOÁN,4,D64.9,thiếu máu,1,"• Vàng da, vàng mắt Khi đi khám, xét nghiệm máu thường cho thấy thiếu máu do tan huyết, hồng cầu bị phá hủy hàng loạt, dẫn đến thiếu máu, vàng da vàng mắt và thậm chí suy thận cấp. Đặc biệt, nếu trẻ sơ sinh bị vàng da nặng sau khoảng 2 tuần tuổi, các tổn thương thần kinh có thể rất nghiêm trọng, gây bại não, chậm phát triển trí tuệ và vận động. || Đặc biệt, nếu trẻ sơ sinh bị vàng da nặng sau khoảng 2 tuần tuổi, các tổn thương thần kinh có thể rất nghiêm trọng, gây bại não, chậm phát triển trí tuệ và vận động. Với những trường hợp biểu hiện nhẹ, trẻ chỉ cần được theo dõi, tránh các yếu tố gây tan huyết và tình trạng thiếu máu thường sẽ ổn định. Tuy nhiên, nếu các triệu chứng rõ ràng và nặng, trẻ cần được nhập viện để điều trị kịp thời."
thuyên tắc phổi,CHẨN_ĐOÁN,4,I26.9,thuyên tắc phổi,1,"Trong thời gian nằm viện, bệnh nhân được chẩn đoán nhiễm khuẩn huyết do tụ cầu vàng nhạy cảm methicillin, nghi liên quan đến đường truyền tĩnh mạch trung tâm ngoại vi (PICC). Siêu âm mạch máu chi trên không ghi nhận huyết khối, xạ hình thông khí - tưới máu phổi cho thấy xác suất thấp thuyên tắc phổi. Hỏi: Chào bác sĩ! || Siêu âm mạch máu chi trên không ghi nhận huyết khối. Xạ hình thông khí – tưới máu phổi cho thấy xác suất thấp thuyên tắc phổi."
tăng kali máu,CHẨN_ĐOÁN,4,E87.5,tăng kali máu,1,"2. Bệnh sử hiện tại Lý do nhập viện: xét nghiệm bất thường - tăng kali máu và Creatinine tăng Các sự kiện trước khi nhập viện - Đi khám bác sĩ chăm sóc chính (PCP) để tái khám hàng năm - Báo cáo đang dùng 1 viên Torsemide/ ngày , đôi khi 2 viên - Bác sĩ đề nghị ngừng sử dụng torsemide lâu dài - Bệnh nhân không kiểm tra đường huyết thường xuyên tại nhà do hết que thử đường máu. - glucose là thấp, n || Tăng cường sản phẩm Folate, Vitamin C, các carotenoid, các chất chống oxy hóa Flavonoid. Các thủ thuật đã thực hiện - Được dùng insulin và dextrose cho tăng kali máu - iv lasix 40 mg once"
tăng sản tuyến tiền liệt,CHẨN_ĐOÁN,4,N40,tăng sản tuyến tiền liệt,1,- tăng sản tuyến tiền liệt - Nhiều lần ngã gần đây Ngã - ảo giác
tụ máu ngoài màng cứng phải cấp tính,CHẨN_ĐOÁN,4,S06.4,tụ máu ngoài màng cứng phải cấp tính,1,"Sau xuất viện, bệnh nhân từng quay lại khoa Cấp cứu vì đau đầu kéo dài. Chụp kiểm tra ghi nhận tụ máu ngoài màng cứng phải cấp tính trên nền tổn thương mạn tính. Bệnh nhân tiếp tục được theo dõi, các lần chụp CT kiểm tra không ghi nhận diễn tiến xấu nên được xuất viện về nhà. || Kết quả xét nghiệm & Cận lâm sàng đã có Xét nghiệm có kết quả : Kết quả Cận lâm sàng . Xét nghiệm Máu Huyết học & Đông máu:WBC : 14.99 G/L NEUT% : 82.9 % (Tăng) HGB (Hemoglobin): 92 g/L PT - INR: 1.05 Cận lâm sàng: CT sọ não trước đó ghi nhận xuất huyết dưới nhện vùng trán phải.Bầm dập nhu mô vùng trán phải và trán - thái dương phải.Lớp dịch dưới màng cứng mỏng vùng thùy trán phải, nghĩ đến nang m"
viêm da tiếp xúc,CHẨN_ĐOÁN,4,L25.9,viêm da tiếp xúc,1,"2. Liệu phát miễn dịch tiếp xúc (contac immunotherapy) Các chất gây mẫn cảm như diphenylcyclopropenone (diphencyprone) và dinitrochlorobenzene được quét lên vùng rụng tóc, chúng sẽ gây viêm da tiếp xúc dị ứng ở vùng điều trị, có thể sử dụng 01 lần/tuần trên vùng rụng tóc trong 06 tháng. Các tác dụng phụ bao gồm viêm da tiếp xúc, mày đay, bất thường sắc tố (gồm cả bạch biến). || Liệu phát miễn dịch tiếp xúc (contac immunotherapy) Các chất gây mẫn cảm như diphenylcyclopropenone (diphencyprone) và dinitrochlorobenzene được quét lên vùng rụng tóc, chúng sẽ gây viêm da tiếp xúc dị ứng ở vùng điều trị, có thể sử dụng 01 lần/tuần trên vùng rụng tóc trong 06 tháng. Các tác dụng phụ bao gồm viêm da tiếp xúc, mày đay, bất thường sắc tố (gồm cả bạch biến). 3."
viêm phổi,CHẨN_ĐOÁN,4,J18.9,viêm phổi,1,"Hỏi : Dạ cho em hỏi viêm phổi hoại tử có phải là giai đoạn nặng của viêm phổi và tiến triển tiếp theo là hình thành áp xe phổi. Hay là VP và VPHT là hai bệnh có cơ chế bệnh sinh khác nhau ạ. || Trả lời : Chào bạn! Viêm phổi là tình trạng viêm phế quản, phế nang, giai đoạn đầu là xuất tiết dịch, nếu điều trị sớm và kịp thời thì sẽ nhanh chóng hết với những cơ thể có sức đề kháng bình thường. Viêm phổi tiến triển nặng là giai đoạn sau, có thể do nhiễm vi khuẩn nặng, thuốc kháng sinh không đáp ứng hay cơ thể có sức đề kháng yêu, suy giảm miễn dịch và hoại tử nhu mô phổi."
viêm phổi bệnh viện,CHẨN_ĐOÁN,4,J18.9,Viêm phổi bệnh viện,1,"2. Bệnh sử hiện tại Lý do nhập viện: tụt huyết áp không rõ nguyên nhân và mệt mỏi Thời điểm khởi phát triệu chứng: vài ngày mệt mỏi Diễn biến bệnh - Bệnh nhân nhập viện, quá trình điều trị biến chứng bởi Viêm phổi bệnh viện và rung nhĩ và nhịp nhanh trên thất, sau đó xuất viện về trung tâm phục hồi chức năng. - Bệnh nhân tái khám tại phòng khám vào ngày hẹn để cắt bỏ các mũi kẹp còn lại và thay th || Kết quả chẩn đoán hình ảnh: chụp x-quang ngực có xẹp phổi thùy dưới phải do chèn ép kèm tràn dịch màng phổi. Các thủ thuật đã thực hiện - Truyền dịch tĩnh mạch 750cc - Xông khí dung Các phát hiện chẩn đoán khác - Viêm phổi bệnh viện - Rung nhĩ kèm nhịp nhanh trên thất"
xuất huyết dưới nhện vùng trán phải,CHẨN_ĐOÁN,4,I60.9,xuất huyết dưới nhện vùng trán phải,1,"Khoảng 1 tháng trước nhập viện, bệnh nhân bị ngã và được chẩn đoán xuất huyết dưới nhện. Chụp cắt lớp vi tính sọ não cho hình ảnh xuất huyết dưới nhện vùng trán phải, bầm dập nhu mô vùng trán phải và trán - thái dương phải, kèm một lớp dịch dưới màng cứng mỏng vùng thùy trán phải, nghĩ nhiều đến nang màng nhện hoặc tụ dịch/tụ máu dưới màng cứng mạn tính. Các lần chụp CT theo dõi sau đó ổn định và  || Kết quả xét nghiệm & Cận lâm sàng đã có Xét nghiệm có kết quả : Kết quả Cận lâm sàng . Xét nghiệm Máu Huyết học & Đông máu:WBC : 14.99 G/L NEUT% : 82.9 % (Tăng) HGB (Hemoglobin): 92 g/L PT - INR: 1.05 Cận lâm sàng: CT sọ não trước đó ghi nhận xuất huyết dưới nhện vùng trán phải.Bầm dập nhu mô vùng trán phải và trán - thái dương phải.Lớp dịch dưới màng cứng mỏng vùng thùy trán phải, nghĩ đến nang m"
xơ gan do rượu,CHẨN_ĐOÁN,4,K70.3,xơ gan do rượu,1,"1. Tiền sử bệnh Các bệnh lý mạn tính - Ung thư biểu mô tuyến đại tràng - bệnh phổi tắc nghẽn mạn tính, không xác định - Đái tháo đường - xơ gan do rượu Tiền sử phẫu thuật / thủ thuật: Dựa trên tiền sử phẫu thuật mới được bổ sung: ""Phẫu thuật mở cắt nối trực tràng/đại tràng sigma vì ung thư tuyến đại tràng Các yếu tố nguy cơ liên quan: xơ gan do rượu 2."
đay vô căn hộ,CHẨN_ĐOÁN,4,,đay vô căn hộ,1,"Đối với bệnh lý mày đay vô căn, để lâu thường không có biến chứng gì nặng, chủ yếu bệnh làm ảnh hưởng tới chất lượng cuộc sống. Bạn đay vô căn hộ là một bệnh mạn tính, việc điều trị phải dài và liên tục. Quá giá trị chỉ là giấy chứng nhận."
amyloidosis di truyền,CHẨN_ĐOÁN,3,E85.2,amyloidosis di truyền,1,"Mặc dù bệnh thoái hóa tinh bột không được xếp thành một loại ung thư, bệnh lại có thể liên quan đến một số bệnh ung thư máu như đa u tủy. Có nhiều loại amyloidosis khác nhau, bao gồm những loại sau: • Bệnh amyloidosis chuỗi nhẹ • Bệnh amyloidosis tự miễn dịch • Bệnh amyloidosis di truyền hoặc gia đình Bệnh thoái hóa tinh bột là một bệnh đa hệ thống dẫn đến nhiều biểu hiện lâm sàng khác nhau, Hiện  || - Ăn uống kém, ăn vào dễ nôn. - Nôn không ra máu, không ra dịch mật • Bệnh amyloidosis chuỗi nhẹ • Bệnh amyloidosis tự miễn dịch • Bệnh amyloidosis di truyền hoặc gia đình Bệnh thoái hóa tinh bột là một bệnh đa hệ thống dẫn đến nhiều biểu hiện lâm sàng khác nhau, Hiện nay chưa có phương pháp điều trị tận gốc amyloidosis.Tuy nhiên, các phương pháp điều trị có thể giúp bạn kiểm soát các triệu chứng "
amyloidosis tự miễn dịch,CHẨN_ĐOÁN,3,E85.9,amyloidosis tự miễn dịch,1,"Mặc dù bệnh thoái hóa tinh bột không được xếp thành một loại ung thư, bệnh lại có thể liên quan đến một số bệnh ung thư máu như đa u tủy. Có nhiều loại amyloidosis khác nhau, bao gồm những loại sau: • Bệnh amyloidosis chuỗi nhẹ • Bệnh amyloidosis tự miễn dịch • Bệnh amyloidosis di truyền hoặc gia đình Bệnh thoái hóa tinh bột là một bệnh đa hệ thống dẫn đến nhiều biểu hiện lâm sàng khác nhau, Hiện  || - Ăn uống kém, ăn vào dễ nôn. - Nôn không ra máu, không ra dịch mật • Bệnh amyloidosis chuỗi nhẹ • Bệnh amyloidosis tự miễn dịch • Bệnh amyloidosis di truyền hoặc gia đình Bệnh thoái hóa tinh bột là một bệnh đa hệ thống dẫn đến nhiều biểu hiện lâm sàng khác nhau, Hiện nay chưa có phương pháp điều trị tận gốc amyloidosis.Tuy nhiên, các phương pháp điều trị có thể giúp bạn kiểm soát các triệu chứng "
amyloidosis),CHẨN_ĐOÁN,3,,amyloidosis),1,Câu hỏi từ người dùng: Em bị Rối loạn chuyển hóa tinh bột (amyloidosis) đã lâu. Có dùng thuốc tại viện da liễu trung ương nhưng không thấy đỡ.
bệnh bàn chân bẹt,CHẨN_ĐOÁN,3,M21.4,bệnh bàn chân bẹt,1,"Khi nhân viên cấp cứu đến nơi, bệnh nhân bắt đầu tỉnh táo trở lại và hồi phục hoàn toàn về trạng thái ban đầu. Theo như mô tả của Bạn cháu bé bị bệnh bàn chân bẹt, đây là tật bẩm sinh không ảnh hưởng nhiều đến sức khỏe. Hiện tại cháu chạy nhảy bình thường, không đau, chưa có chỉ định phẫu thuật, Tuy nhiên bạn nên cho cháu đến bệnh viện để kiểm tra đánh giá bất thường về xương, khám lâm sàng để đán || Cháu xin cảm ơn bác! Trả lời: Theo như mô tả của Bạn cháu bé bị bệnh bàn chân bẹt, đây là tật bẩm sinh không ảnh hưởng nhiều đến sức khỏe. Hiện tại cháu chạy nhảy bình thường, không đau, chưa có chỉ định phẫu thuật, Tuy nhiên bạn nên cho cháu đến bệnh viện để kiểm tra đánh giá bất thường về xương, khám lâm sàng để đánh giá các thiếu hụt về phần mềm, trên cơ sở đó chúng tôi sẽ có các hướng dẫn cụ t"
hội chứng ruột kích thích,CHẨN_ĐOÁN,3,K58.8,hội chứng ruột kích thích,1,"- Nôn ra máu trong 2 ngày qua Bệnh lý mãn tính: hội chứng ruột kích thích (được chẩn đoán hội chứng ruột kích thích cách đây vài năm) Tiền sử phẫu thuật / thủ thuật || Diễn biến bệnh - Triệu chứng cách đây vài năm: tái phát buồn nôn và tiêu chảy, chẩn đoán hội chứng ruột kích thích, phát hiện loét tá tràng khi nội soi. - Trong năm nay: không thể giữ được bất cứ thứ gì, chẩn đoán viêm dạ dày ruột do virus."
lyssavirus,CHẨN_ĐOÁN,3,A82.9,Lyssavirus,1,"Bệnh dại có lây không? Bệnh dại do Lyssavirus, thuộc họ Lyssaviridae gây ra. Sau khi xâm nhập vào cơ thể người và động vật có vú, virus di chuyển theo hệ thần kinh vào tủy sống và não, phá hủy các trung khu thần kinh trong đại não, gây ra trạng thái điên dạiở động vật và người. || Bệnh dại có lây không? Bệnh dại do Lyssavirus, thuộc họ Lyssaviridae gây ra. Sau khi xâm nhập vào cơ thể người và động vật có vú, virus di chuyển theo hệ thần kinh vào tủy sống và não, phá hủy các trung khu thần kinh trong đại não, gây ra trạng thái điên dại ở động vật và người."
mụn cám,CHẨN_ĐOÁN,3,L70.0,mụn cám,1,"Đến năm lớp 11 cháu đi khám da liễu, thì sau khoảng 3 tháng điều trị da cháu ít dầu hơn và dường như không còn mụn. Nhưng sau 6 tháng da cháu bắt đầu lên mụn trở lại gồm mụn ở trán, má, 2 bên quai hàm và cằm, hầu như là mụn cám và mụn đầu trắng. Cháu không biết có nên đi khám lại không vì lo ngại thuốc sẽ ảnh hưởng đến sức khoẻ sinh sản cộng thêm việc khám sau một thời gian lên lại mụn thì rất tốn"
mụn đầu trắng,CHẨN_ĐOÁN,3,L70.0,mụn đầu trắng,1,"Đến năm lớp 11 cháu đi khám da liễu, thì sau khoảng 3 tháng điều trị da cháu ít dầu hơn và dường như không còn mụn. Nhưng sau 6 tháng da cháu bắt đầu lên mụn trở lại gồm mụn ở trán, má, 2 bên quai hàm và cằm, hầu như là mụn cám và mụn đầu trắng. Cháu không biết có nên đi khám lại không vì lo ngại thuốc sẽ ảnh hưởng đến sức khoẻ sinh sản cộng thêm việc khám sau một thời gian lên lại mụn thì rất tốn"
não úng thủy,CHẨN_ĐOÁN,3,G91.9,não úng thủy,1,"- Bệnh nhân bị não úng tuỷ từ thời kỳ sơ sinh, được điều trị bằng cách đặt dẫn lưu shunt - Trước đây đã từng nhập viện với chẩn đoán não úng thủy, có biểu hiện tăng đau đầu , triệu chứng cải thiện khi nằm ngửa. - Nhập viện trước đây vào khoa Thần kinh để điều trị chứng đau đầu."
não úng tuỷ,CHẨN_ĐOÁN,3,G91.9,não úng tuỷ,1,"Diễn biến bệnh - Bệnh nhân bị não úng tuỷ từ thời kỳ sơ sinh, được điều trị bằng cách đặt dẫn lưu shunt - Trước đây đã từng nhập viện với chẩn đoán não úng thủy, có biểu hiện tăng đau đầu , triệu chứng cải thiện khi nằm ngửa."
rối loạn chuyển hóa tinh bột,CHẨN_ĐOÁN,3,E85.9,Rối loạn chuyển hóa tinh bột,1,Câu hỏi từ người dùng: Em bị Rối loạn chuyển hóa tinh bột (amyloidosis) đã lâu. Có dùng thuốc tại viện da liễu trung ương nhưng không thấy đỡ.
suy các cơ quan,CHẨN_ĐOÁN,3,R65.9,suy các cơ quan,1,"Khi lượng protein amyloid lắng đọng tăng lên, chúng sẽ phá vỡ cấu trúc và gây cản trở chức năng sinh lý của mô hoặc cơ quan. Cuối cùng, sự lắng đọng protein amyloid sẽ bắt đầu gây ra các triệu chứng và suy các cơ quan, thậm chí có thể gây tử vong. Tình trạng lắng đọng của protein amyloid trong bệnh thoái hóa tinh bột có thể khu trú ở bất kỳ cơ quan nào trong cơ thể, chẳng hạn như phổi, da, bàng qu || Khi lượng protein amyloid lắng đọng tăng lên, chúng sẽ phá vỡ cấu trúc và gây cản trở chức năng sinh lý của mô hoặc cơ quan. Cuối cùng, sự lắng đọng protein amyloid sẽ bắt đầu gây ra các triệu chứng và suy các cơ quan, thậm chí có thể gây tử vong. - Bệnh bạch cầu dòng tủy mãn tính đang dùng gleevec"
suy giảm miễn dịch,CHẨN_ĐOÁN,3,D84.9,Suy giảm miễn dịch,1,"- Tăng liều bactrim (do bác sĩ chăm sóc chính kê đơn) - doxycycline (do bác sĩ chăm sóc chính kê đơn) - Suy giảm miễn dịch do sử dụng corticoid kéo dài 2. Tiền sử bệnh hiện tại || Viêm phổi là tình trạng viêm phế quản, phế nang, giai đoạn đầu là xuất tiết dịch, nếu điều trị sớm và kịp thời thì sẽ nhanh chóng hết với những cơ thể có sức đề kháng bình thường. Viêm phổi tiến triển nặng là giai đoạn sau, có thể do nhiễm vi khuẩn nặng, thuốc kháng sinh không đáp ứng hay cơ thể có sức đề kháng yêu, suy giảm miễn dịch và hoại tử nhu mô phổi. Viêm phổi hoại tử: là một thể nặng của "
"suy tim, không đặc hiệu",CHẨN_ĐOÁN,3,I50.9,"suy tim, không đặc hiệu",1,"1. Tiền sử bệnh Các bệnh lý mạn tính - rung nhĩ - tăng huyết áp - suy tim, không đặc hiệu - béo phì Cháu năm nay 18 tuổi da rất nhiều dầu và bị mụn trứng cá từ năm lớp 8. || - ngừng thở khi ngủ - tiền sử lâm sàng suy tim, không đặc hiệu Dị ứng: Dị ứng furosemide"
sỏi mật,CHẨN_ĐOÁN,3,K80.8,sỏi mật,1,"- siêu âm vùng gan mật cho thấy sỏi mật nhưng không có viêm túi mật hoặc sỏi ống mật (lần nhập viện trước) - chụp ct bụng chậu là chưa phát hiện bất thường (lần nhập viện trước) - siêu âm vùng gan mật hiện tại cho thấy túi mật căng to với dịch quanh túi mật gợi ý viêm túi mật cấp || trúc vi nang Triệu chứng hiện tại: đau vùng hạ sườn phải Các sự kiện trước khi nhập viện - siêu âm cho thấy sỏi mật 5. Zestril 10mg x 1 viên, uống sáng."
tan huyết,CHẨN_ĐOÁN,3,D59.9,tan huyết,1,"Đặc biệt, nếu trẻ sơ sinh bị vàng da nặng sau khoảng 2 tuần tuổi, các tổn thương thần kinh có thể rất nghiêm trọng, gây bại não, chậm phát triển trí tuệ và vận động. Với những trường hợp biểu hiện nhẹ, trẻ chỉ cần được theo dõi, tránh các yếu tố gây tan huyết và tình trạng thiếu máu thường sẽ ổn định. Tuy nhiên, nếu các triệu chứng rõ ràng và nặng, trẻ cần được nhập viện để điều trị kịp thời. || Nếu không được điều trị và theo dõi đúng cách, tình trạng thiếu máu tan huyết kéo dài kèm vàng da sơ sinh sẽ trở thành vấn đề nghiêm trọng, ảnh hưởng lâu dài đến sức khỏe và sự phát triển của trẻ. Vì vậy, khi phát hiện trẻ bị thiếu men G6PD thông qua sàng lọc sớm, phụ huynh cần tuân thủ hướng dẫn của bác sĩ, đặc biệt là tránh các tác nhân gây tan huyết như đậu tằm, thuốc và thực phẩm có tính oxy h"
thrombophilia,CHẨN_ĐOÁN,3,D68.5,thrombophilia,1,Chào bác sĩ em năm nay 27t đã có 1 bé gái. Sau 2 lần sảy thai thì em đi xét nghiệm máu bác sĩ nói là em bị hội chứng tăng đông hay còn gọi là gen đông máu tên y học là thrombophilia .bác sĩ nói nếu em muốn có con thì sau khi que thử 2 vạch báo nay để bác sĩ tiêm thuốc chống đông máu cho em. Em muốn hỏi là bệnh thrombophilia có nghiêm trọng lắm không ạ? || Sau 2 lần sảy thai thì em đi xét nghiệm máu bác sĩ nói là em bị hội chứng tăng đông hay còn gọi là gen đông máu tên y học là thrombophilia .bác sĩ nói nếu em muốn có con thì sau khi que thử 2 vạch báo nay để bác sĩ tiêm thuốc chống đông máu cho em. Em muốn hỏi là bệnh thrombophilia có nghiêm trọng lắm không ạ? Có ảnh hưởng đến sức khỏe và cuộc sống đời thườn
tiền sản giật,CHẨN_ĐOÁN,3,O14.9,tiền sản giật,1,"Nguyên nhân là do đột biến gây ra. Trong giai đoạn mang thai, để tránh tình trạng sẩy thai, sinh non, tiền sản giật....thì bác sỹ thường kê thuốc chống đông cho bạn. Thuốc chống đông này cần chú ý phải dừng ngay khi có dấu hiệu ra máu bất thường hoặc nên dừng trước tuần thai 36 để tránh tình trạng chảy máu khó cầm (việc này bạn nên theo hướng dẫn của bác sỹ sản khoa). || Chào bạn, ************ được khuyến cáo đối với những sản phụ có nguy cơ tiền sản giật cao để phòng ngừa tiền sản giật và những biến chứng liên quan đến tiền sản giật. Tuy nhiên, ******* là thuốc có tác dụng chống đông máu do đó tác dụng phụ của thuốc là có thể gây chảy máu."
tiểu đường,CHẨN_ĐOÁN,3,E14.9,tiểu đường,1,"Hôi miệng và chảy máu chân răng còn có thể do cơ thể thiếu hụt vitamin K. - Tiểu đường: Hôi miệng và chảy máu chân răng là dấu hiệu của bệnh tiểu đường. Nguyên nhân là do cơ thể sẽ giảm sản xuất insulin nên người bị tiểu đường suy yếu hệ miễn dịch, dễ gặp phải các vấn đề về răng miệng. || - Tiểu đường: Hôi miệng và chảy máu chân răng là dấu hiệu của bệnh tiểu đường. Nguyên nhân là do cơ thể sẽ giảm sản xuất insulin nên người bị tiểu đường suy yếu hệ miễn dịch, dễ gặp phải các vấn đề về răng miệng. Tình trạng khó đông máu khiến chân răng chảy máu kéo dài do nồng độ đường trong máu cao."
tăng bilirubin máu,CHẨN_ĐOÁN,3,E80.6,tăng bilirubin máu,1,"3. Đánh giá tại bệnh viện Kết quả xét nghiệm - ast 421 - alt 336 - alp 185 - bilirubin toàn phần 0.9 - total bili bắt đầu tăng lên đạt đỉnh 6.7 - bảng xét nghiệm viêm gan virus là âm tính - ferritin là bình thường - ceruloplasmin vẫn đang chờ kết quả đang chờ kết quả tại thời điểm chuyển viện Kết quả chẩn đoán hình ảnh - siêu âm bụng có doppler âm tính âm tính - âm tính chụp hida - ercp cho thấy t || - Tại bệnh viện OSH, phát hiện tăng men gan với tăng bilirubin máu: ast 421, alt 336, alp 185, bilirubin toàn phần 0.9 - âm tính siêu âm bụng có doppler - âm tính chụp hida - Chưa từng xét nghiệm nồng độ acetaminophen - Chưa từng dùng nac - Chuyển tạm thời để thực hiện ercp - ercp cho thấy túi mật giãn nở rõ rệt nhưng không có sỏi hoặc bệnh lý khác - Chuyển lại bệnh viện OSH và được cho là đã tống"
tụt huyết áp,CHẨN_ĐOÁN,3,I95.9,tụt huyết áp,1,"2. Bệnh sử hiện tại Lý do nhập viện: tụt huyết áp không rõ nguyên nhân và mệt mỏi Thời điểm khởi phát triệu chứng: vài ngày mệt mỏi Diễn biến bệnh - Bệnh nhân nhập viện, quá trình điều trị biến chứng bởi Viêm phổi bệnh viện và rung nhĩ và nhịp nhanh trên thất, sau đó xuất viện về trung tâm phục hồi chức năng. - Bệnh nhân tái khám tại phòng khám vào ngày hẹn để cắt bỏ các mũi kẹp còn lại và thay th || trong bệnh mạch vành. Thuốc được thải ra khỏi cơ thể nhanh và không tích lũy nên không gây hại khi dùng lâu dài, nhưng trái lại thuốc này có nhiều tác dụng phụ rất thường hay gặp (vì tác dụng phụ này gây ra do đặc tính của thuốc) đó là: đau đầu, chóng mặt, buồn nôn, đỏ mặt, và tác dụng tụt huyết áp thế đứng. Nếu Mẹ bạn khi dùng thuốc có một trong các tác dụng phụ nói trên thì nên báo với bác sĩ để"
ung thư biểu mô tuyến,CHẨN_ĐOÁN,3,C24.0,ung thư biểu mô tuyến,1,"- Cả hai ống dẫn mật đều được tăng kích cỡ từ 8.5fr lên 10.2 fr vào thời điểm đó. - Đã thực hiện sinh thiết và lấy mẫu bằng bàn chải vào ngày [Ngày] và kết quả lấy mẫu bằng bàn chải cho thấy tế bào bất thường, đáng ngại cho ung thư biểu mô tuyến. - Thảo luận tại cuộc họp [Tên cuộc họp] vào ngày [Ngày] và quyết định rằng bệnh nhân nên được đặt stent thành vách vĩnh viễn. || - Đã thực hiện sinh thiết và lấy mẫu bằng bàn chải vào ngày [Ngày] và kết quả lấy mẫu bằng bàn chải cho thấy các tế bào bất thường, đáng lo ngại cho ung thư biểu mô tuyến. - Thảo luận tại cuộc họp [Tên cuộc họp] vào ngày [Ngày] và quyết định rằng bệnh nhân nên được đặt stent thành vách vĩnh viễn. 3."
vi-rút dại,CHẨN_ĐOÁN,3,A82.9,Vi-rút dại,1,Bệnh dại lây truyền qua đường nào? Vi-rút dại chủ yếu được lây truyền từ nước bọt của các loài động vật bị dại sang người qua vết cắn hoặc qua vết trầy xước trên cơ thể con người. - 96% các trường hợp gây bệnh dại ở người tại Đông Nam Á là do chó cắn.
viêm nha chu,CHẨN_ĐOÁN,3,K05.6,Viêm nha chu,1,"- Viêm quanh răng: Các mô bao quanh cuống răng bị viêm và sưng do nhiễm vi khuẩn, sang chấn răng. - Viêm nha chu: Đây là dạng nhiễm trùng lợi nặng, các triệu chứng gồm đau khi nhai, răng lung lay, sưng nướu, dễ chảy máu răng, hôi miệng, có mủ. Viêm nha chu nếu để kéo dài, chân răng có thể bị hư hại dẫn đến tình trạng mất răng hoặc viêm khớp dạng thấp, các bệnh hô hấp, đột quỵ,... || - Viêm nha chu: Đây là dạng nhiễm trùng lợi nặng, các triệu chứng gồm đau khi nhai, răng lung lay, sưng nướu, dễ chảy máu răng, hôi miệng, có mủ. Viêm nha chu nếu để kéo dài, chân răng có thể bị hư hại dẫn đến tình trạng mất răng hoặc viêm khớp dạng thấp, các bệnh hô hấp, đột quỵ,... - Thiếu canxi và vitamin: Thiếu hụt canxi dễ gây loãng xương, sâu răng và có nguy cơ bị viêm nha chu."
viêm túi mật cấp,CHẨN_ĐOÁN,3,K81.0,viêm túi mật cấp,1,rước. - Được thực hiện siêu âm vùng gan mật tại phòng cấp cứu cho thấy túi mật căng to với dịch quanh túi mật gợi ý viêm túi mật cấp. 3. Đánh giá tại bệnh viện Kết quả laboratory - lipase là tăng lên ở mức 623 (lần nhập viện trước) - tăng || thường (lần nhập viện trước) - siêu âm vùng gan mật hiện tại cho thấy túi mật căng to với dịch quanh túi mật gợi ý viêm túi mật cấp Các phát hiện chẩn đoán khác: lo ngại viêm túi mật cấp
viêm tủy xương mãn tính,CHẨN_ĐOÁN,3,M86.9,viêm tủy xương mãn tính,1,1. Tiền sử bệnh - viêm tủy xương mãn tính và bàng quang thần kinh gây biến chứng liệt hai chi dưới và loét tì đè giai đoạn IV mãn tính - đặt lưu sonde tiểu gây nhiễm khuẩn đường tiết niệu tái phát Thuốc đã dùng trước đây - Đã sử dụngvancozosyn nhưng hiện tại đang dừng. Sau khi khám chuyên khoa Truyền nhiễm đang dùng bactrim để điều trị nhiễm khuẩn đường tiết niệu || Bệnh sử hiện tại Lý do nhập viện: sốt cao Cách ngày vào viện 2 tuần bệnh nhân đã vào viện vì hạ huyết áp và được chẩn đoán nhiễm trùng huyết điều trị bằng kháng sinh vancozosynbactrim điều trị bệnh viêm tuỷ xương. Sau đó dùng zosyn 8 ngày và dừng tất cả kháng sinh để điều trị viêm tủy xương mãn tính tại khoa Hồi sức tích cực. Ra viện và tái khám không sử dụng thuốc kháng sinh vì khám lâm sàng ổn
áp xe phổi,CHẨN_ĐOÁN,3,J85.2,áp xe phổi,1,"Hỏi : Dạ cho em hỏi viêm phổi hoại tử có phải là giai đoạn nặng của viêm phổi và tiến triển tiếp theo là hình thành áp xe phổi. Hay là VP và VPHT là hai bệnh có cơ chế bệnh sinh khác nhau ạ. || Viêm phổi hoại tử: là một thể nặng của bệnh lý phổi với sự hình thành của các hang nhỏ, áp-xe nhỏ (<2cm) trong nhu mô phổi, thường không kèm theo tổn thương màng phổi đáng kể. Áp xe phổi: là một tình trạng nung mủ, hoại tử chủ mô phổi sau một quá trình viêm cấp. Cơ chế: Lúc đầu trong nhu mô phổi bị viêm xuất hiện một hay nhiều ổ viêm hóa mủ, nhu mô phổi bị đông đặc, nếu điều trị ở giai đoạn này th"
amyloidosis chuỗi nhẹ,CHẨN_ĐOÁN,2,,amyloidosis chuỗi nhẹ,1,"Mặc dù bệnh thoái hóa tinh bột không được xếp thành một loại ung thư, bệnh lại có thể liên quan đến một số bệnh ung thư máu như đa u tủy. Có nhiều loại amyloidosis khác nhau, bao gồm những loại sau: • Bệnh amyloidosis chuỗi nhẹ • Bệnh amyloidosis tự miễn dịch • Bệnh amyloidosis di truyền hoặc gia đình Bệnh thoái hóa tinh bột là một bệnh đa hệ thống dẫn đến nhiều biểu hiện lâm sàng khác nhau, Hiện  || Mặc dù bệnh thoái hóa tinh bột không được xếp thành một loại ung thư, bệnh lại có thể liên quan đến một số bệnh ung thư máu như đa u tủy. Có nhiều loại amyloidosis khác nhau, bao gồm những loại sau: • Bệnh amyloidosis chuỗi nhẹ • Bệnh amyloidosis tự miễn dịch - Vị trí: LLQ"
bàng quang thần kinh,CHẨN_ĐOÁN,2,N31.9,bàng quang thần kinh,1,1. Tiền sử bệnh - viêm tủy xương mãn tính và bàng quang thần kinh gây biến chứng liệt hai chi dưới và loét tì đè giai đoạn IV mãn tính - đặt lưu sonde tiểu gây nhiễm khuẩn đường tiết niệu tái phát Thuốc đã dùng trước đây - Đã sử dụngvancozosyn nhưng hiện tại đang dừng. Sau khi khám chuyên khoa Truyền nhiễm đang dùng bactrim để điều trị nhiễm khuẩn đường tiết niệu || Tiền sử bệnh nội khoa Các bệnh lý mãn tính: viêm tủy xương và bàng quang thần kinh có biến chứng liệt hai chi dưới 2.
béo phì do có nhiều nếp gấp da,CHẨN_ĐOÁN,2,E66.9,béo phì do có nhiều nếp gấp da,1,"mentagrophytes. Các yếu tố nguy cơ chính liên quan đến môi trường ẩm ướt (thời tiết nóng, quần áo ướt và chật, chứng béo phì do có nhiều nếp gấp da). Bệnh do nhiễm nấm da mà thành nên để điều trị nấm bẹn bạn phải được sử dụng thuốc kháng nấm dạng bôi hoặc dạng uống theo chỉ định của bác sĩ da liễu với liệu trình điều trị từ 1-4 tuần."
bệnh ba thân động mạch vành,CHẨN_ĐOÁN,2,I25.1,bệnh ba thân động mạch vành,1,"Cận lâm sàng: Kết quả chẩn đoán hình ảnh - Đo sức bền cơ tim bằng đồng vị phóng xạ kết quả có dị tật cố định vùng trước vách và vách dưới với giảm chức năng tâm thu thất trái nghiêm trọng kèm theo rối loạn chức năng thất trái. - Chụp động mạch vành cho thấy bệnh ba thân động mạch vành nghiêm trọng Các thủ thuật đã thực hiện - Chụp động mạch vành can thiệp Câu trả lời của bác sĩ: Viêm hang vị sung  || Lúc vào viện khám Bệnh nhân tỉnh - mệt mỏi - Khó thở tăng khi vận động gắng sức - Đi lại khó khăn, cần dùng gậy hỗ trợ đi lại - Đau hai bàn chân do bệnh lý thần kinh ngoại biên Cận lâm sàng: Kết quả chẩn đoán hình ảnh - Đo sức bền cơ tim bằng đồng vị phóng xạ kết quả có dị tật cố định vùng trước vách và vách dưới với giảm chức năng tâm thu thất trái nghiêm trọng kèm theo rối loạn chức năng thất tr"
bệnh dại ở,CHẨN_ĐOÁN,2,,bệnh dại ở,1,"Nơi bị chó cắn càng gần thần kinh trung ương thì nạn nhân càng phát bệnh nhanh. - Thế giới ghi nhận việc lây bệnh qua không khí có thể xảy ra khi ở trong hang dơi hay tiếp xúc với chất thải của dơi, việc lây bệnh qua không khí này đã được ghi nhận tại 4 báo cáo về ca mắc bệnh dại ở người và liên quan tới công việc thí nghiệm với động vật. Tuy nhiên các ca mắc dạng này chưa ghi nhận tại Việt Nam. || - Thế giới ghi nhận việc lây bệnh qua không khí có thể xảy ra khi ở trong hang dơi hay tiếp xúc với chất thải của dơi, việc lây bệnh qua không khí này đã được ghi nhận tại 4 báo cáo về ca mắc bệnh dại ở người và liên quan tới công việc thí nghiệm với động vật. Tuy nhiên các ca mắc dạng này chưa ghi nhận tại Việt Nam."
bệnh gan do rượu,CHẨN_ĐOÁN,2,K70.9,Bệnh gan do rượu,1,- Viêm loét đại tràng trong nhiều năm qua - bằng chứng Bệnh gan do rượu ở vị trí 35cm Tiền sử phẫu thuật / thủ thuật: đã phẫu thuật tạo hậu môn nhân tạo kiểu túi nối hồi tràng - hậu môn
bệnh lý thần kinh ngoại biên,CHẨN_ĐOÁN,2,G62.9,bệnh lý thần kinh ngoại biên,1,"1. Tiền sử bệnh Bệnh lý mãn tính: bệnh động mạch vành, bệnh lý thần kinh ngoại biên 2. || Trong vòng một năm qua bệnh nhân thi thoảng xuất hiện mệt mỏi, nhất là khi vận động gắng sức khó thở tăng. Lúc vào viện khám Bệnh nhân tỉnh - mệt mỏi - Khó thở tăng khi vận động gắng sức - Đi lại khó khăn, cần dùng gậy hỗ trợ đi lại - Đau hai bàn chân do bệnh lý thần kinh ngoại biên Cận lâm sàng: Kết quả chẩn đoán hình ảnh - Đo sức bền cơ tim bằng đồng vị phóng xạ kết quả có dị tật cố định vùng tr"
bệnh mạch máu ngoại biên,CHẨN_ĐOÁN,2,I73.9,bệnh mạch máu ngoại biên,1,"-Hút thuốc lá: Thành phần trong thuốc lá gây hỏng men răng, gai lưỡi phát triển quá mức khiến vi khuẩn xâm nhập, gây hôi miệng, chảy máu chân răng và mất răng. - bệnh mạch máu ngoại biên - bệnh phổi tắc nghẽn mạn tính || - suy tim - bệnh mạch máu ngoại biên - bệnh phổi tắc nghẽn mạn tính"
bệnh phổi tắc nghẽn mạn tính,CHẨN_ĐOÁN,2,J44.9,bệnh phổi tắc nghẽn mạn tính,1,- bệnh mạch máu ngoại biên - bệnh phổi tắc nghẽn mạn tính - Ngưng thở khi ngủ do tắc nghẽn đang dùng BiPAP
"bệnh phổi tắc nghẽn mạn tính, không xác định",CHẨN_ĐOÁN,2,J44.9,"bệnh phổi tắc nghẽn mạn tính, không xác định",1,"1. Tiền sử bệnh Các bệnh lý mạn tính - Ung thư biểu mô tuyến đại tràng - bệnh phổi tắc nghẽn mạn tính, không xác định - Đái tháo đường - xơ gan do rượu Tiền sử phẫu thuật / thủ thuật: Dựa trên tiền sử phẫu thuật mới được bổ sung: ""Phẫu thuật mở cắt nối trực tràng/đại tràng sigma vì ung thư tuyến đại tràng Các yếu tố nguy cơ liên quan: xơ gan do rượu 2."
bệnh thận mạn tính,CHẨN_ĐOÁN,2,N18.9,Bệnh thận mạn tính,1,Suy tim không do thiếu máu cơ tim (theo chẩn đoán trước đây). Bệnh thận mạn tính. Thuốc trước khi nhập viện
bệnh thủy đậu/zona,CHẨN_ĐOÁN,2,B01.9|B02.9,Bệnh thủy đậu/Zona,1,hiễm khám 3. Đánh giá tại bệnh viện Các phát hiện chẩn đoán khác: Lo ngại về Nhiễm virus Herpes simplex (HSV) hoặc Bệnh thủy đậu/Zona (do Varicella Zoster Virus)
bệnh tim mạch,CHẨN_ĐOÁN,2,Z13.6,bệnh tim mạch,1,• Nam giới • Tiền sử gia đình bệnh tim mạch sớm Có thể thay đổi || Các bệnh mãn tính: Không có tiền sử bệnh tim mạch hoặc thận bệnh nào được biết đến Thuốc trước khi nhập viện lần này: đang dùng methadone
bệnh tim mạch do xơ vữa động mạch,CHẨN_ĐOÁN,2,I25.1,Bệnh tim mạch do xơ vữa động mạch,1,Tiền sử bệnh lý Bệnh tim mạch do xơ vữa động mạch. ăng huyết áp.Rối loạn lipid máu.
bệnh động mạch vành,CHẨN_ĐOÁN,2,I25.1,bệnh động mạch vành,1,"Câu hỏi của người dùng gửi đến hệ thống Chào Bác sĩ, mẹ em bị bệnh động mạch vành đã nhiều năm. Đi khám bệnh Bác sĩ kê cho thuốc Vastarel và *********. || 1. Tiền sử bệnh Bệnh lý mãn tính: bệnh động mạch vành, bệnh lý thần kinh ngoại biên 2."
dị tật thiểu sản vành tai,CHẨN_ĐOÁN,2,Q17.2,dị tật thiểu sản vành tai,1,"Đặc điểm của triệu chứng Trả lời : Chào bạn, trước hết xin được chia sẻ về sự lo lắng đôi chút về tình trạng của bé hiện này, về tình trạng bé mắc phải là dị tật thiểu sản vành tai và tịt ống tai ngoài bẩm sinh. Rất may mắn, cấu trúc tai trong đảm nhận chức năng thần kinh thính giác của con thường vẫn phát triển tốt. Việc bé phản xạ được âm thanh là nhờ sự bù trừ tuyệt vời từ chiếc tai trái khỏe m || Mọi người cho mình xin ý kiến nhé! Trả lời : Chào bạn, trước hết xin được chia sẻ về sự lo lắng đôi chút về tình trạng của bé hiện này, về tình trạng bé mắc phải là dị tật thiểu sản vành tai và tịt ống tai ngoài bẩm sinh. Rất may mắn, cấu trúc tai trong đảm nhận chức năng thần kinh thính giác của con thường vẫn phát triển tốt."
giai đoạn giống hưng cảm,CHẨN_ĐOÁN,2,F30.9,giai đoạn giống hưng cảm,1,"Lý do nhập viện:i ý định tự tử và ý nghĩ tự bắn vào đầu Theo lời kể bệnh nhân bị trầm cảm ngày càng nặng , vài tháng trước có các giai đoạn giống hưng cảm biểu hiện bằng tăng hoạt động và giảm nhu cầu ngủ 3-4 ngày, trong vài tuần nay và có ý định tự tử. Thuốc kê đơn không dùng đều đặn x5-6 ngày, bắt đầu dùng suboxone 3 tuần trước vì rẻ hơn, dừng dùng suboxone ngày hôm qua"
giãn phế quản,CHẨN_ĐOÁN,2,J47,giãn phế quản,1,"- Tự điều trị bằng tylenol và mucinex d - Đi khám bác sĩ chăm sóc chính (PCP) vào buổi sáng ngày nhập viện - Bác sĩ PCP ghi nhận spo2 là 90-92% spo2 khi thở khí trời, 93% khi không dùng oxy || - Vợ có các triệu chứng tương tự 3 tuần trước, được chẩn đoán là giãn phế quản, phản ứng tốt với azithromycin - Tự điều trị bằng tylenol và mucinex d - Đi khám bác sĩ chăm sóc chính (PCP) vào buổi sáng ngày nhập viện"
giãn thừng tinh,CHẨN_ĐOÁN,2,I86.1,Giãn thừng tinh,1,Chào bạn. Giãn thừng tinh là một trong nhiều nguyên nhân gây vô sinh thứ phát. Với thông tin mà bạn cung cấp thì hãy đến tái khám tại BV tuyến tỉnh nơi bạn sinh sống để được bs chuyên khoa đưa ra chỉ định điều trị phẫu thuật phù hợp nhé. || Với thông tin mà bạn cung cấp thì hãy đến tái khám tại BV tuyến tỉnh nơi bạn sinh sống để được bs chuyên khoa đưa ra chỉ định điều trị phẫu thuật phù hợp nhé. Hầu hết bv tuyến tỉnh đều có thể điều trị phẫu thuật giãn thừng tinh hiệu quả. Chúc bạn nhiều sức khoẻ.
gout mạn tính,CHẨN_ĐOÁN,2,M10.9,gout mạn tính,1,"Chào bạn! Với những mô tả của bạn thì ông bạn đã bị bệnhgout, dạo gần đây không điều trị thường xuyên, và hình thành những hạt nhỏ ở vùng khớp như hình ảnh, đây là hạt tophi trong bệnh gout mạn tính. Sự hình thành hạt tophi: Khi mới hình thành hạt tophi có màu trắng, nhỏ, mềm, có thể di động."
gút,CHẨN_ĐOÁN,2,M10.9,gút,1,"Câu hỏi từ người dùng: Chào bác sĩ, ông em năm nay 70 tuổi, bị bệnh gút hai năm nay, cũng điều trị mấy tháng khỏi đau rồi không uống thuốc nữa, mà gần đây xuất hiện hạt nhỏ màu trắng trên da chỗ mấy khớp ngón tay với ngón chân. Cho em hỏi tại sao ông em bị như vậy, có bị nguy hiểm không, nhờ bác sĩ tư vấn giúp ạ?"
hội chứng thận hư,CHẨN_ĐOÁN,2,N04.9,Hội chứng thận hư,1,"Bệnh nhân nam 17 tuổi, vào viện với lý do nặng mặt, tức nặng 2 chi dưới, tiểu ít, bệnh khởi phát cách đây 1 tháng, quá trình bệnh diễn biến với các hội chứng và triệu chứng sau: Hội chứng thận hư: Phù: xuất hiện đột ngột, tiến triển nhanh, đầu tiên ở quanh 2 mi mắt, mặt, sau 1 ngày xuất hiện phù 2 chi dưới, phù tăng về sáng, sau ngủ dậy, giảm về chiều, khi ăn mặn phù tăng lên. || Chẩn đoán: Viêm cầu thận mạn - Hội chứng thận hư 3. Tiên lượng: vừa, bệnh tổn thương mạn tính, tỉ lệ tái phát cao. 4."
liệt hai chi dưới,CHẨN_ĐOÁN,2,G82.2,liệt hai chi dưới,1,1. Tiền sử bệnh - viêm tủy xương mãn tính và bàng quang thần kinh gây biến chứng liệt hai chi dưới và loét tì đè giai đoạn IV mãn tính - đặt lưu sonde tiểu gây nhiễm khuẩn đường tiết niệu tái phát Thuốc đã dùng trước đây - Đã sử dụngvancozosyn nhưng hiện tại đang dừng. Sau khi khám chuyên khoa Truyền nhiễm đang dùng bactrim để điều trị nhiễm khuẩn đường tiết niệu || Tiền sử bệnh nội khoa Các bệnh lý mãn tính: viêm tủy xương và bàng quang thần kinh có biến chứng liệt hai chi dưới 2.
loét,CHẨN_ĐOÁN,2,K27.9,loét,1,"- Nội soi (cho thấy nhiều loét tá tràng và hồi tràng) - nội soi (Viêm thực quản độ C, loét thực quản dưới 6 mm có điểm sắc tố, nhiều loét nông sạch đáy ở tá tràng và hồi tràng sớm) Thuốc trước khi nhập viện: omeprazole (vừa ngừng để làm test hơi thở h. || ều lượng chính xác. - Viêm thực quản độ C ở thực quản dưới - Loét loét thực quản 6 mm có điểm sắc tố - Nhiều loét sạch đáy loét ở tá tràng kéo dài từ hành tá tràng đến hồi tràng sớm"
lây nhiễm bệnh dại,CHẨN_ĐOÁN,2,,lây nhiễm bệnh dại,1,"Tuy nhiên các ca mắc dạng này chưa ghi nhận tại Việt Nam. - Các yếu tố có thể ảnh hưởng đến sự phát triển lây nhiễm bệnh dại bao gồm: Loại hình tiếp xúc và loại động vật cắn Mức độ nghiêm trọng của vết cắn Số lượng vi rút dại xâm nhập vào Tình trạng miễn dịch của bệnh nhân Vùng bị cắn - vết thương ở đầu và cổ, cũng như những vết thương ở các khu vực đầu mút thần kinh như ngón tay, thường có thời g || 3. Đánh giá tại bệnh viện - Các yếu tố có thể ảnh hưởng đến sự phát triển lây nhiễm bệnh dại bao gồm: Loại hình tiếp xúc và loại động vật cắn Mức độ nghiêm trọng của vết cắn - được cho aspirin 325mg"
ngoại tâm thu nhĩ,CHẨN_ĐOÁN,2,I49.9,ngoại tâm thu nhĩ,1,"Ghi nhận ngoại tâm thu nhĩ và ngoại tâm thu thất xuất hiện thường xuyên. - Bắt đầu dùng metoprolol 25mg po bid, không có cải thiện - Ở nhà bệnh nhân đã sử dụng atenololtrong ngày || khác - điện tâm đồ là không ghi nhận gì bất thường - monitor holter cho thấy Nhịp xoang chiếm ưu thế. Ghi nhận ngoại tâm thu nhĩ và ngoại tâm thu thất xuất hiện thường xuyên."
ngoại tâm thu thất,CHẨN_ĐOÁN,2,I49.3,ngoại tâm thu thất,1,"Ghi nhận ngoại tâm thu nhĩ và ngoại tâm thu thất xuất hiện thường xuyên. - Bắt đầu dùng metoprolol 25mg po bid, không có cải thiện - Ở nhà bệnh nhân đã sử dụng atenololtrong ngày || đồ là không ghi nhận gì bất thường - monitor holter cho thấy Nhịp xoang chiếm ưu thế. Ghi nhận ngoại tâm thu nhĩ và ngoại tâm thu thất xuất hiện thường xuyên."
nhiễm nấm da,CHẨN_ĐOÁN,2,B35.9,nhiễm nấm da,1,"Các yếu tố nguy cơ chính liên quan đến môi trường ẩm ướt (thời tiết nóng, quần áo ướt và chật, chứng béo phì do có nhiều nếp gấp da). Bệnh do nhiễm nấm da mà thành nên để điều trị nấm bẹn bạn phải được sử dụng thuốc kháng nấm dạng bôi hoặc dạng uống theo chỉ định của bác sĩ da liễu với liệu trình điều trị từ 1-4 tuần. Ngoài ra để giảm thiểu nguy cơ bị lây nhiễm, hoặc tái phát nấm bẹn bạn nên: • Gi"
nhiễm trùng chi dưới bên phải,CHẨN_ĐOÁN,2,L08.9,nhiễm trùng chi dưới bên phải,1,Khám thấy bị tổn thương tổn thương chi dưới nghiêm trọng. Chẩn đoán: Phẫu thuật cắt cụt chân trái bên trên gối và cắt cụt chân phải bên dưới gối / biến chứng thuyên tắc phổi hai bên - nhiễm trùng chi dưới bên phải do Enterococcus kháng vancomycin Điều trị :
nhiễm trùng huyết,CHẨN_ĐOÁN,2,A41.9,nhiễm trùng huyết,1,"2. Bệnh sử hiện tại Lý do nhập viện: sốt cao Cách ngày vào viện 2 tuần bệnh nhân đã vào viện vì hạ huyết áp và được chẩn đoán nhiễm trùng huyết điều trị bằng kháng sinh vancozosynbactrim điều trị bệnh viêm tuỷ xương. Sau đó dùng zosyn 8 ngày và dừng tất cả kháng sinh để điều trị viêm tủy xương mãn tính tại khoa Hồi sức tích cực. || Tình trạng lúc vào: Bệnh nhân tỉnh Cảm giác khát nước Da khô, nếp véo da mất chậm Không ngực, không khó thở Đau bụng, đau hông từng cơn- Hạ huyết áp Mạch nhanh Tim nhịp nhanh đều Trứng cá bắt nguồn từ bốn yếu tố chính: Tăng sản tuyến bã nhờn - Xquang ngực thẳng: không thấy thâm nhiễm Thủ thuật: - svo2 là 82 Đặt ống thông tĩnh mạch trung tâm : đo cvp là 6 Chẩn đoán: nhiễm trùng huyết đường vào tiết"
nhiễm trùng máu,CHẨN_ĐOÁN,2,A41.9,nhiễm trùng máu,1,"Tích tụ nhiều sẽ khiến cho những khối u này lớn dần lên, cản trở vận động. Nếu không được xử lý kịp thời, hạt tophi bị vỡ ra có thể gây hoại tử, biến dạng xương khớp, gây nhiễm trùng máu, rất khó lành - Bệnh nhân xơ gan mất bù có tăng áp lực tĩnh mạch cửa, cổ trướng và tràn dịch màng phổi. || Tích tụ nhiều sẽ khiến cho những khối u này lớn dần lên, cản trở vận động. Nếu không được xử lý kịp thời, hạt tophi bị vỡ ra có thể gây hoại tử, biến dạng xương khớp, gây nhiễm trùng máu, rất khó lành Có những trường hợp acid uric tron hạt tophi giải phóng vào máu gây cơn gout cấp, đau các khớp rất nhiều."
nhiễm trùng nhiễm trùng răng miệng,CHẨN_ĐOÁN,2,K04.7,nhiễm trùng nhiễm trùng răng miệng,1,"- Phủ nhận các bệnh nền lớn tiền sử bệnh hoặc triệu chứng nào khác ngoại trừ nhiễm trùng nhiễm trùng răng miệng gần đây cần dùng kháng sinh. - Phủ nhận tiền sử bị tai biến mạch máu não hoặc co giật. Triệu chứng khi nhập viện || - không thể tự đứng dậy do yếu sức chân phải. - không thể chịu lực ở chân phải, liên tục khuỵu chân. - tỉnh chậm, phản xạ kém."
nhiễm virus,CHẨN_ĐOÁN,2,B34.9,nhiễm virus,1,"Nhiều chuyên gia đưa ra các giả thuyết: Các yếu tố nghi ngờ liên quan: • Nhiễm khuẩn – nhiễm virus hoặc độc tố vi khuẩn. • Phản ứng miễn dịch bất thường ở trẻ có cơ địa nhạy cảm. || Tiền sử dịch tễ: Trong đơn vị có 3 người mang virus viêm gan B. Hiện tại ngày thứ 7 sau khi vào viện: mệt mỏi hết, vàng da giảm nhẹ, ăn ngủ được, đánh răng không chảy máu, tiểu tiện 1000ml/24h, nước tiểu vàng nhẹ, đại tiện phân thành khuôn. Không xuất hiện thêm triệu chứng gì 2/ Chẩn đoán:"
nhiễm virus herpes simplex,CHẨN_ĐOÁN,2,B00.9,Nhiễm virus Herpes simplex,1,chúng cho đến khi được bác sĩ Truyền nhiễm khám 3. Đánh giá tại bệnh viện Các phát hiện chẩn đoán khác: Lo ngại về Nhiễm virus Herpes simplex (HSV) hoặc Bệnh thủy đậu/Zona (do Varicella Zoster Virus)
nhịp xoang,CHẨN_ĐOÁN,2,I49.8,Nhịp xoang,1,"- monitor holter cho thấy Nhịp xoang chiếm ưu thế. Ghi nhận ngoại tâm thu nhĩ và ngoại tâm thu thất xuất hiện thường xuyên. - Bắt đầu dùng metoprolol 25mg po bid, không có cải thiện || ng chú ý Các kết quả chẩn đoán khác - điện tâm đồ là không ghi nhận gì bất thường - monitor holter cho thấy Nhịp xoang chiếm ưu thế. Ghi nhận ngoại tâm thu nhĩ và ngoại tâm thu thất xuất hiện thường xuyên."
nhồi máu,CHẨN_ĐOÁN,2,I21.9,nhồi máu,1,Men tim • Troponin I/T ↑ (chẩn đoán nhồi máu) • CK-MB ↑ || • Giảm đau • Ngăn nhồi máu • Cải thiện tưới máu tim
não úng thuỷ,CHẨN_ĐOÁN,2,G91.9,não úng thuỷ,1,- Được bác sĩ nhãn khoa khám trong quá trình nhập viện đó và không phát hiện phù gai thị. Bệnh lý mãn tính: não úng thuỷ khác từ thời kỳ sơ sinh Tiền sử phẫu thuật / thủ thuật
phình giãn động mạch vành,CHẨN_ĐOÁN,2,,phình giãn động mạch vành,1,"• Giới tính: Trẻ trai mắc bệnh nhiều hơn trẻ gái. • Đặc điểm nguy hiểm: Giai đoạn đầu có thể chưa quá nghiêm trọng, nhưng nếu không điều trị kịp thời, bệnh có thể dẫn đến viêm tim, phình giãn động mạch vành, đột tử, nhồi máu cơ tim, hoặc hẹp tắc mạch vành gây suy tim về sau. Tóm lại: Kawasaki là bệnh viêm mạch máu nguy hiểm, cần phát hiện sớm để tránh biến chứng nặng. || • Nhồi máu cơ tim • Suy vành mạn tính Khoảng 25–30% trẻ không điều trị đúng cách sẽ bị biến chứng này. Biến chứng khác:"
phù phổi cấp,CHẨN_ĐOÁN,2,J81,phù phổi cấp,1,"Bệnh nhân nữ 81 tuổi, vào viện vì khó thở, tiền sử: stent mạch vành - suy tim - tăng huyết áp - HoHL điêu trị ngoại trú không rõ đơn Bệnh sử: Cách vào viện 1 tuần bệnh nhân xuất hiện khó thở tăng lên, NYHA III-IV, mệt mỏi nhiều, không sốt, không đau bụng. Bệnh nhân đi khám tuyến dưới chẩn đoán phù phổi cấp - suy tim - stent mạch vành - tăng huyết áp - HoHL, hiện nay bệnh nhân còn khó thở vừa, bệnh || Tăng áp lực động mạch phổi nhẹ Chẩn đoán: Phù phổi cấp - Suy tim - Stent mạch vành - Tăng huyết áp Xử trí :"
rll pna,CHẨN_ĐOÁN,2,J18.1,RLL PNA,1,ệu. - troponin âm tính x1 Kết quả chẩn đoán hình ảnh: chụp x-quang ngực được cho là viêm phổi thùy dưới phải (RLL PNA)
rối loạn chức năng thất trái,CHẨN_ĐOÁN,2,I51.9,rối loạn chức năng thất trái,1,"Câu hỏi từ người dùng : Cận lâm sàng: Kết quả chẩn đoán hình ảnh - Đo sức bền cơ tim bằng đồng vị phóng xạ kết quả có dị tật cố định vùng trước vách và vách dưới với giảm chức năng tâm thu thất trái nghiêm trọng kèm theo rối loạn chức năng thất trái. - Chụp động mạch vành cho thấy bệnh ba thân động mạch vành nghiêm trọng Các thủ thuật đã thực hiện - Chụp động mạch vành can thiệp Câu trả lời của bá || Trong vòng một năm qua bệnh nhân thi thoảng xuất hiện mệt mỏi, nhất là khi vận động gắng sức khó thở tăng. Lúc vào viện khám Bệnh nhân tỉnh - mệt mỏi - Khó thở tăng khi vận động gắng sức - Đi lại khó khăn, cần dùng gậy hỗ trợ đi lại - Đau hai bàn chân do bệnh lý thần kinh ngoại biên Cận lâm sàng: Kết quả chẩn đoán hình ảnh - Đo sức bền cơ tim bằng đồng vị phóng xạ kết quả có dị tật cố định vùng tr"
rối loạn lưỡng cực,CHẨN_ĐOÁN,2,F31.9,Rối loạn lưỡng cực,1,- Rối loạn cảm xúc - Rối loạn lưỡng cực - rối loạn lo âu
suy thận mạn,CHẨN_ĐOÁN,2,N18.9,Suy thận mạn,1,Các bệnh lý mạn tính - Suy thận mạn giai đoạn V do đái tháo đường và tăng huyết áp - u ác của tuyến tiền liệt điều trị bằng xạ trị cấy hạt
sỏi thận,CHẨN_ĐOÁN,2,N20.0,sỏi thận,1,"Đến BV BS chích cho em liều giảm đau và cho siêu âm nhưng kết quả không thấy gì cả (chỉ thấy mỗi bên thận có 1 viên sỏi 4mm nhưng không ứ nước). BS nói sỏi thận không phải là lý do làm em đau và nói khả năng em bị viêm bao tử, có nói do em đang có thai nên không thể dùng thuốc đặc trị được mà chỉ cho thuốc tạm thôi. Em muốn hỏi như sau: 1."
tai biến mạch máu não,CHẨN_ĐOÁN,2,I64,tai biến mạch máu não,1,- Ban đầu tỉnh chậm phản xạ kém. - Dần dần tỉnh táo hơn tỉnh táo và tỉnh khi gọi. - Phủ nhận các bệnh nền lớn tiền sử bệnh hoặc triệu chứng nào khác ngoại trừ nhiễm trùng nhiễm trùng răng miệng gần đây cần dùng kháng sinh. || Triệu chứng khi nhập viện - yếu sức nửa người bên phải - tình trạng tri giác giảm sút
thiếu máu tan huyết,CHẨN_ĐOÁN,2,D59.9,thiếu máu tan huyết,1,"Men G6PD do hồng cầu sản sinh có nhiệm vụ bảo vệ hồng cầu khỏi sự tấn công của các chất oxy hóa. Khi thiếu men này, hồng cầu rất dễ bị phá hủy, dẫn đến thiếu máu tan huyết. Ở trẻ sơ sinh, vàng da nặng do thiếu men G6PD có thể gây ra nhiều biến chứng nguy hiểm như: || • Rối loạn vận động Nếu không được điều trị và theo dõi đúng cách, tình trạng thiếu máu tan huyết kéo dài kèm vàng da sơ sinh sẽ trở thành vấn đề nghiêm trọng, ảnh hưởng lâu dài đến sức khỏe và sự phát triển của trẻ. Vì vậy, khi phát hiện trẻ bị thiếu men G6PD thông qua sàng lọc sớm, phụ huynh cần tuân thủ hướng dẫn của bác sĩ, đặc biệt là tránh các tác nhân gây tan huyết như đậu tằm, thuốc và thự"
thuyên tắc phổi hai bên,CHẨN_ĐOÁN,2,I26.9,thuyên tắc phổi hai bên,1,Khám thấy bị tổn thương tổn thương chi dưới nghiêm trọng. Chẩn đoán: Phẫu thuật cắt cụt chân trái bên trên gối và cắt cụt chân phải bên dưới gối / biến chứng thuyên tắc phổi hai bên - nhiễm trùng chi dưới bên phải do Enterococcus kháng vancomycin Điều trị :
tiền sử đái tháo đường,CHẨN_ĐOÁN,2,E11.9,tiền sử Đái tháo đường,1,Các bệnh lý mãn tính - tiền sử Đái tháo đường (tiền sử Đái tháo đường) - Tăng huyết áp (tăng huyết áp vô căn (nguyên phát)) 2.
trào ngược dạ dày thực quản,CHẨN_ĐOÁN,2,K21.9,trào ngược dạ dày thực quản,1,"Trả lời : Chào em, Thành phần 3 loại thuốc em sử dụng như sau: Aquima: nhôm hydroxid, magie hydroxid và **********. Simenic: Alverin citrate 40mg và Simethicon 100mg Pimperam: metoclopramide 10mg Thông tin về độ an toàn khi sử dụng các loại thuốc trên ở phụ nữ mang thai như sau: Nhôm hydroxid và magie hydroxid có thể sử dụng được cho phụ nữ mang thai để điều trị triệu chứng ợ nóng hoặc trào ngược "
tăng cholesterol máu,CHẨN_ĐOÁN,2,E78.0,tăng cholesterol máu,1,- Bệnh bạch cầu dòng tủy mãn tính - tăng cholesterol máu đơn thuần - tăng huyết áp || - Bệnh bạch cầu dòng tủy mãn tính - tăng cholesterol máu đơn thuần E có uống thuốc kháng B-histamin thì triệu chứng giảm nhưng k hết. Và hiện tại vùng mẩn ngứa tập trung chủ yếu tại vùng bẹn khiến sinh hoạt của e rất bất tiện.
tăng áp lực động mạch phổi,CHẨN_ĐOÁN,2,I27.2,Tăng áp lực động mạch phổi,1,"Hở chủ vừa. Tăng áp lực động mạch phổi nhẹ Chẩn đoán: Phù phổi cấp - Suy tim - Stent mạch vành - Tăng huyết áp || Thất phải giãn, chức năng tâm thu thất phải giảm (FAC: 30%). Tăng áp lực động mạch phổi vừa. Chụp Xquang ngực thẳng: Hình ảnh bóng tim to"
tắc hẹp 80% động mạch thận trái,CHẨN_ĐOÁN,2,I70.1,tắc hẹp 80% động mạch thận trái,1,Câu hỏi từ người dùng: Sự kiện trước khi nhập viện: chụp cắt lớp vi tính (ct) được thực hiện cho thấy tắc hẹp 80% động mạch thận trái L 3. || Đánh giá tại bệnh viện Kết quả chẩn đoán hình ảnh: chụp cắt lớp vi tính (ct) cho thấy tắc hẹp 80% động mạch thận trái L Thủ thuật thực hiện Chào bạn!
tụ dịch/tụ máu dưới màng cứng mạn tính,CHẨN_ĐOÁN,2,I62.0,tụ dịch/tụ máu dưới màng cứng mạn tính,1,"Khoảng 1 tháng trước nhập viện, bệnh nhân bị ngã và được chẩn đoán xuất huyết dưới nhện. Chụp cắt lớp vi tính sọ não cho hình ảnh xuất huyết dưới nhện vùng trán phải, bầm dập nhu mô vùng trán phải và trán - thái dương phải, kèm một lớp dịch dưới màng cứng mỏng vùng thùy trán phải, nghĩ nhiều đến nang màng nhện hoặc tụ dịch/tụ máu dưới màng cứng mạn tính. Các lần chụp CT theo dõi sau đó ổn định và "
tụ máu dưới màng cứng mạn tính,CHẨN_ĐOÁN,2,S06.5,tụ máu dưới màng cứng mạn tính,1,"Kết quả xét nghiệm & Cận lâm sàng đã có Xét nghiệm có kết quả : Kết quả Cận lâm sàng . Xét nghiệm Máu Huyết học & Đông máu:WBC : 14.99 G/L NEUT% : 82.9 % (Tăng) HGB (Hemoglobin): 92 g/L PT - INR: 1.05 Cận lâm sàng: CT sọ não trước đó ghi nhận xuất huyết dưới nhện vùng trán phải.Bầm dập nhu mô vùng trán phải và trán - thái dương phải.Lớp dịch dưới màng cứng mỏng vùng thùy trán phải, nghĩ đến nang m || Không ghi nhận co giật, cứng đờ, cắn lưỡi hoặc tiểu tiện không tự chủ. Cận lâm sàng: CT sọ não trước đó ghi nhận xuất huyết dưới nhện vùng trán phải.Bầm dập nhu mô vùng trán phải và trán - thái dương phải.Lớp dịch dưới màng cứng mỏng vùng thùy trán phải, nghĩ đến nang màng nhện hoặc tụ máu dưới màng cứng mạn tính.Tụ máu ngoài màng cứng phải cấp tính trên nền tổn thương mạn tính."
ung thư biểu mô tuyến đại tràng,CHẨN_ĐOÁN,2,C18.9,Ung thư biểu mô tuyến đại tràng,1,"1. Tiền sử bệnh Các bệnh lý mạn tính - Ung thư biểu mô tuyến đại tràng - bệnh phổi tắc nghẽn mạn tính, không xác định - Đái tháo đường - xơ gan do rượu Tiền sử phẫu thuật / thủ thuật: Dựa trên tiền sử phẫu thuật mới được bổ sung: ""Phẫu thuật mở cắt nối trực tràng/đại tràng sigma vì ung thư tuyến đại tràng Các yếu tố nguy cơ liên quan: xơ gan do rượu 2."
ung thư biểu mô tế bào vảy,CHẨN_ĐOÁN,2,C44.9,Ung thư biểu mô tế bào vảy,1,"- Ngưng thở khi ngủ do tắc nghẽn đang dùng BiPAP - Ung thư biểu mô tế bào vảy xâm nhập của dương vậtbiệt hóa kém, sau cắt bao quy đầu với bờ diện cắt dương tính. Tiền sử phẫu thuật / thủ thuật • Uống trà gừng và mật ong để loại bỏ vi khuẩn gây hại, khử mùi hôi do viêm, làm dịu niêm mạc, giảm sưng đau • Trà đinh hương giúp loại bỏ mùi hôi trong khoang miệng, ngăn ngừa chảy máu, giảm tình trạng chảy || - Ngưng thở khi ngủ do tắc nghẽn đang dùng BiPAP - Ung thư biểu mô tế bào vảy xâm nhập của dương vậtbiệt hóa kém, sau cắt bao quy đầu với bờ diện cắt dương tính. Tiền sử phẫu thuật / thủ thuật"
ung thư máu,CHẨN_ĐOÁN,2,C95.9,ung thư máu,1,"Đây cũng là dạng phổ biến nhất. Mặc dù bệnh thoái hóa tinh bột không được xếp thành một loại ung thư, bệnh lại có thể liên quan đến một số bệnh ung thư máu như đa u tủy. Có nhiều loại amyloidosis khác nhau, bao gồm những loại sau: • Bệnh amyloidosis chuỗi nhẹ • Bệnh amyloidosis tự miễn dịch • Bệnh amyloidosis di truyền hoặc gia đình Bệnh thoái hóa tinh bột là một bệnh đa hệ thống dẫn đến nhiều biể || Đây cũng là dạng phổ biến nhất. Mặc dù bệnh thoái hóa tinh bột không được xếp thành một loại ung thư, bệnh lại có thể liên quan đến một số bệnh ung thư máu như đa u tủy. Có nhiều loại amyloidosis khác nhau, bao gồm những loại sau: • Bệnh amyloidosis chuỗi nhẹ • Bệnh amyloidosis tự miễn dịch"
ung thư tuyến đại tràng,CHẨN_ĐOÁN,2,C18.9,ung thư tuyến đại tràng,1,"1. Tiền sử bệnh Các bệnh lý mạn tính - Ung thư biểu mô tuyến đại tràng - bệnh phổi tắc nghẽn mạn tính, không xác định - Đái tháo đường - xơ gan do rượu Tiền sử phẫu thuật / thủ thuật: Dựa trên tiền sử phẫu thuật mới được bổ sung: ""Phẫu thuật mở cắt nối trực tràng/đại tràng sigma vì ung thư tuyến đại tràng Các yếu tố nguy cơ liên quan: xơ gan do rượu 2."
viêm bao tử,CHẨN_ĐOÁN,2,K29.7,viêm bao tử,1,"Đến BV BS chích cho em liều giảm đau và cho siêu âm nhưng kết quả không thấy gì cả (chỉ thấy mỗi bên thận có 1 viên sỏi 4mm nhưng không ứ nước). BS nói sỏi thận không phải là lý do làm em đau và nói khả năng em bị viêm bao tử, có nói do em đang có thai nên không thể dùng thuốc đặc trị được mà chỉ cho thuốc tạm thôi. Em muốn hỏi như sau: 1."
viêm gan b,CHẨN_ĐOÁN,2,,viêm gan B,1,"Tiền sử dịch tễ: Trong đơn vị có 3 người mang virus viêm gan B. Hiện tại ngày thứ 7 sau khi vào viện: mệt mỏi hết, vàng da giảm nhẹ, ăn ngủ được, đánh răng không chảy máu, tiểu tiện 1000ml/24h, nước tiểu vàng nhẹ, đại tiện phân thành khuôn. Không xuất hiện thêm triệu chứng gì 2/ Chẩn đoán:"
viêm kết mạc,CHẨN_ĐOÁN,2,H10.9,Viêm kết mạc,1,"Mắt đỏ • Viêm kết mạc 2 bên, đỏ nhưng không có ghèn. 3. || 3. Tổn thương đầu chi (phù, đỏ, bong da) 4."
viêm loét đại tràng,CHẨN_ĐOÁN,2,K51.9,Viêm loét đại tràng,1,Các bệnh lý mạn tính - Viêm loét đại tràng trong nhiều năm qua - bằng chứng Bệnh gan do rượu ở vị trí 35cm
viêm phổi hoại tử,CHẨN_ĐOÁN,2,J85.1,viêm phổi hoại tử,1,"Hỏi : Dạ cho em hỏi viêm phổi hoại tử có phải là giai đoạn nặng của viêm phổi và tiến triển tiếp theo là hình thành áp xe phổi. Hay là VP và VPHT là hai bệnh có cơ chế bệnh sinh khác nhau ạ. || Viêm phổi tiến triển nặng là giai đoạn sau, có thể do nhiễm vi khuẩn nặng, thuốc kháng sinh không đáp ứng hay cơ thể có sức đề kháng yêu, suy giảm miễn dịch và hoại tử nhu mô phổi. Viêm phổi hoại tử: là một thể nặng của bệnh lý phổi với sự hình thành của các hang nhỏ, áp-xe nhỏ (<2cm) trong nhu mô phổi, thường không kèm theo tổn thương màng phổi đáng kể. Áp xe phổi: là một tình trạng nung mủ, hoại"
viêm phổi thùy dưới phải,CHẨN_ĐOÁN,2,J18.1,viêm phổi thùy dưới phải,1,ý chỉ có vếtvết protein niệu. - troponin âm tính x1 Kết quả chẩn đoán hình ảnh: chụp x-quang ngực được cho là viêm phổi thùy dưới phải (RLL PNA)
viêm xương tủy,CHẨN_ĐOÁN,2,M86.9,viêm xương tủy,1,"Phổi thông khí đều Còn sonde tiểu, nước tiểu có cặn Cận lâm sàng:: - lactate 1.1-->0.8 - Cấy nước tiểu : nhiễm khuẩn đường tiết niệu có các vi khuẩn hỗn hợp - cấy máu :âm tính -chỉ số marker viêm của anh ấy đã có xu hướng tăng chẩn đoán hình ảnh: - MRI: không thấy tình trạng viêm xương tủy nặng hơn Sừng hóa nang lông bất thường Vi khuẩn C. acne Viêm tại chỗ Hầu hết thiếu niên (80%) bị mụn trứng cá || cc đã đặt, không có quá trình bệnh lý tim phổi cấp tính - chụp x-quang bàn chân phải không phát hiện gãy xương hoặc viêm xương tủy - Bên phải âm tính với huyết khối tĩnh mạch sâu (DVT)"
xuất huyết dưới nhện,CHẨN_ĐOÁN,2,I60.9,xuất huyết dưới nhện,1,"Bệnh sử Lý do vào viện: Cơn rối loạn ý thức thoáng qua, nghi ngờ cơn co giật. Khoảng 1 tháng trước nhập viện, bệnh nhân bị ngã và được chẩn đoán xuất huyết dưới nhện. Chụp cắt lớp vi tính sọ não cho hình ảnh xuất huyết dưới nhện vùng trán phải, bầm dập nhu mô vùng trán phải và trán - thái dương phải, kèm một lớp dịch dưới màng cứng mỏng vùng thùy trán phải, nghĩ nhiều đến nang màng nhện hoặc tụ dị"
xẹp phổi thùy dưới phải,CHẨN_ĐOÁN,2,J98.1,xẹp phổi thùy dưới phải,1,"- khó thở khi gắng sức - ho mạn tính có đờm vàng loãng - ran - phù phù - dịch thanh dịch lẫn máu từ vết mổ - phân nâu dương tính guaiac Kết quả xét nghiệm: huyết khối 26.3, giảm so với hôm qua, nhưng ổn định ở mức 28 hậu phẫu tuần trước. Kết quả chẩn đoán hình ảnh: chụp x-quang ngực có xẹp phổi thùy dưới phải do chèn ép kèm tràn dịch màng phổi. Các thủ thuật đã thực hiện - Truyền dịch tĩnh mạch 75 || - dấu hiệu sinh tồn là: 98.8 65 9360 20 95 2LNC (tại khoa Cấp cứu) - dấu hiệu sinh tồn 98.6 70 10356 17 962LNC (khi đến MICU) Dấu hiệu lâm sàng - hạ huyết áp, không đặc hiệu - mệt mỏi - mệt mỏi - khó thở khi gắng sức - ho mạn tính có đờm vàng loãng - ran - phù phù - dịch thanh dịch lẫn máu từ vết mổ - phân nâu dương tính guaiac Kết quả xét nghiệm: huyết khối 26.3, giảm so với hôm qua, nhưng ổn địn"
áp xe,CHẨN_ĐOÁN,2,L02.9,áp xe,1,"Sau đó thương tổn các phế quản lân cận và bệnh nhân sẽ khạc ra mủ, và các tổ chức hoại tử. Sau một thời gian (khoảng 6-8 tuần) thì viêm xơ bắt đầu bao quanh ổ áp xe tạo nên nhiều vách ngăn, hoặc là mủ sẽ lan qua vùng lân cận gây nên các thương tổn mới. - Đến hôm nay, bệnh nhân bị tăng tần suất đau đầu gián đoạn. || - Gần đây nhập viện vì sốt và các ổ dịch trong ổ bụng được cho là áp xe - Điều trị bằng kháng sinh tĩnh mạch trong thời gian nằm viện - Ra viện với đơn Augmentin đường uống trong 10 ngày"
đa u tủy,CHẨN_ĐOÁN,2,C90.0,đa u tủy,1,"Đây cũng là dạng phổ biến nhất. Mặc dù bệnh thoái hóa tinh bột không được xếp thành một loại ung thư, bệnh lại có thể liên quan đến một số bệnh ung thư máu như đa u tủy. Có nhiều loại amyloidosis khác nhau, bao gồm những loại sau: • Bệnh amyloidosis chuỗi nhẹ • Bệnh amyloidosis tự miễn dịch • Bệnh amyloidosis di truyền hoặc gia đình Bệnh thoái hóa tinh bột là một bệnh đa hệ thống dẫn đến nhiều biể || Đây cũng là dạng phổ biến nhất. Mặc dù bệnh thoái hóa tinh bột không được xếp thành một loại ung thư, bệnh lại có thể liên quan đến một số bệnh ung thư máu như đa u tủy. Có nhiều loại amyloidosis khác nhau, bao gồm những loại sau: • Bệnh amyloidosis chuỗi nhẹ • Bệnh amyloidosis tự miễn dịch"
"đái tháo đường, có biến chứng bệnh lý thần kinh ngoại biên",CHẨN_ĐOÁN,2,E11.4,"Đái tháo đường, có biến chứng bệnh lý thần kinh ngoại biên",1,"Tiền sử bệnh Tiền sử bệnh nội khoa: Tăng huyết áp. Đái tháo đường, có biến chứng bệnh lý thần kinh ngoại biên. Suy tim không do thiếu máu cơ tim (theo chẩn đoán trước đây)."
đại tràng giãn,CHẨN_ĐOÁN,2,K59.3,đại tràng giãn,1,"Mặc dù chưa khẳng định được thuốc có qua nhau thai hay không nhưng hấp thu của ********** qua ruột bị hạn chế, do đó làm giảm khả năng phơi nhiễm đối với thai nhi. Lý do nhập viện: theo dõi đại tràng giãn - Vào đợt kiểm tra sức khoẻ định kỳ sau ngã đang hồi phục phát hiện xét nghiệm máu có tăng bạch cầuNgày nay xuất hiện ý thúc chậm hơn, đã chụp CT ở tuyến trước chưa phát hiện bất thường trên phim || Kết quả chẩn đoán hình ảnh: chụp ctchưa phát hiện bất thường trên phim chụp Các kết quả khác: Theo dõi đại tràng giãn"
đột quỵ,CHẨN_ĐOÁN,2,I63.9,đột quỵ,1,"- Viêm nha chu: Đây là dạng nhiễm trùng lợi nặng, các triệu chứng gồm đau khi nhai, răng lung lay, sưng nướu, dễ chảy máu răng, hôi miệng, có mủ. Viêm nha chu nếu để kéo dài, chân răng có thể bị hư hại dẫn đến tình trạng mất răng hoặc viêm khớp dạng thấp, các bệnh hô hấp, đột quỵ,... - Thiếu canxi và vitamin: Thiếu hụt canxi dễ gây loãng xương, sâu răng và có nguy cơ bị viêm nha chu. || Tình trạng đau kéo dài, thường xuyên dễ bị chẩn đoán nguyên nhân đau đầu do viêm xoang và có thể dẫn đến điều trị không đúng bệnh. Người bị cơn đau nửa đầu trái hành hạ để lâu sẽ gây ra các hậu quả nguy hiểm cho sức khỏe như suy giảm trí nhớ, khó tập trung, trầm cảm thậm chí là đột quỵ. Một số trường hợp còn có biến chứng suy thoái võng mạc, mất thị lực và mù vĩnh viễn."
ổ loét trong bao tử,CHẨN_ĐOÁN,2,K25.9,ổ loét trong bao tử,1,Từ năm 24-26 tuổi em có dấu hiệu đau bao tử (thỉnh thoảng đau và sau 1-2 tiếng thì hết do thời gian này em sống xa gia đình nên ăn uống thất thường) nhưng không khám cũng như không uống thuốc gì cả. Năm 27 tuổi em đi nội soi ở BV thì BS nói em có ổ loét trong bao tử và có cho thuốc uống theo lộ trình dài nhưng em chỉ uống hết liều thuốc lần 1 đó mà không tiếp tục điều trị. Thay vào đó em đã chuyển
biến chứng mạch vành,CHẨN_ĐOÁN,1,I25.9,biến chứng mạch vành,1,"đỏ, môi đỏ – nứt, lưỡi đỏ dâu tây hoặc sưng hạch cổ. Điều trị bằng **** trong 10 ngày đầu là yếu tố then chốt giúp giảm biến chứng mạch vành."
biến chứng động mạch vành,CHẨN_ĐOÁN,1,I25.9,biến chứng động mạch vành,1,• Hiệu quả 80% nếu truyền trước ngày thứ 10 của bệnh. • Giảm biến chứng động mạch vành rõ rệt. 2.
bệnh dạith,CHẨN_ĐOÁN,1,,Bệnh dạith,1,"Phòng bệnh bằng tiêm vaccine phòng dại. Bệnh dạithường gia tăng vào mùa hè. Bệnh dại gây ra bởi virus, và là bệnh lây truyền."
bệnh nấm bẹn,CHẨN_ĐOÁN,1,,bệnh nấm bẹn,1,"Cháu năm nay 18 tuổi. Cháu bị bệnh nấm bẹn mấy tháng nay rồi ạ. Nhưng cháu phòng ngừa nên không bị lây lan, chỉ bị hai bên bẹn nhưng cháu dùng một số loại thuốc rồi mà chỉ được một khoảng thời gian rồi lại bị tái phát lại."
bệnh đa xơ cứng,CHẨN_ĐOÁN,1,G35,Bệnh đa xơ cứng,1,• Ban dạng đa hình: dát – sẩn – mảng đỏ. - Sẽ không điển hình cho Bệnh đa xơ cứng theo ý kiến của bác sĩ thần kinh - Ảo giác do rượu (suy nghĩ)
chèn ép tim,CHẨN_ĐOÁN,1,I31.9,chèn ép tim,1,"Cận lâm sàng Siêu âm tim: chèn ép tim Viêm hang vị sung huyết là tình trạng niêm mạc vùng hang vị dạ dày viêm, các mạch máu vùng viêm giãn nở do ứ máu nhiều."
cổ trướng,CHẨN_ĐOÁN,1,R18,cổ trướng,1,"Nếu không được xử lý kịp thời, hạt tophi bị vỡ ra có thể gây hoại tử, biến dạng xương khớp, gây nhiễm trùng máu, rất khó lành - Bệnh nhân xơ gan mất bù có tăng áp lực tĩnh mạch cửa, cổ trướng và tràn dịch màng phổi. Thuốc trước khi nhập viện lần này: liệu pháp lợi tiểu 2."
dvt,CHẨN_ĐOÁN,1,I80.2,DVT,1,-quang bàn chân phải không phát hiện gãy xương hoặc viêm xương tủy - Bên phải âm tính với huyết khối tĩnh mạch sâu (DVT)
dại,CHẨN_ĐOÁN,1,A82.9,dại,1,"Bác sĩ trả lời Chào bạn, Để giải đáp thắc mắc của bạn, tôi xin chia sẻ một số thông tin như sau: Bệnh dại chỉ không chỉ lây qua vết cắn của động vật. Đường lây bệnh dại phổ biến nhất là do bị động vật dại cắn. Bệnh dại còn có thể lây truyền từ nước bọt của chó, mèo dại"
giãn thừng tinh 2.5mm,CHẨN_ĐOÁN,1,,giãn thừng tinh 2.5mm,1,"Tiền sử bệnh hiện tại Câu hỏi từ người dùng : Em trai mình sn 2004, đi khám ở Tuyến Tỉnh bs chẩn đoán giãn thừng tinh 2.5mm 1 bên, đã khám và điều trị thuốc uống 5 tuần, độ giãn không giảm, thỉnh thoảng đau nhẹ, cảm thấy nóng phần tinh hoàn, đã ngừng dùng thuốc, vì tình hình covid không thể vào hcm để vào chuyên khoa khám , nhờ quý bác sĩ tư vấn được không ạ, để lâu em sợ ảnh hưởng tinh trùng ảnh "
glucose-6-phosphate dehydrogenase,CHẨN_ĐOÁN,1,D55.0,Glucose-6-Phosphate Dehydrogenase,1,Thiếu men G6PD là bệnh gì? Thiếu men G6PD (Glucose-6-Phosphate Dehydrogenase) là một bệnh di truyền lặn liên kết với nhiễm sắc thể X. Trẻ mắc bệnh là do nhận gen lặn bất thường trên nhiễm sắc thể giới tính từ bố và/hoặc mẹ.
gãy xương,CHẨN_ĐOÁN,1,T14.2,gãy xương,1,- chụp x-quang bàn chân phải không phát hiện gãy xương hoặc viêm xương tủy - Bên phải âm tính với huyết khối tĩnh mạch sâu (DVT)
hoại tử chủ mô,CHẨN_ĐOÁN,1,,hoại tử chủ mô,1,"Viêm phổi hoại tử: là một thể nặng của bệnh lý phổi với sự hình thành của các hang nhỏ, áp-xe nhỏ (<2cm) trong nhu mô phổi, thường không kèm theo tổn thương màng phổi đáng kể. Áp xe phổi: là một tình trạng nung mủ, hoại tử chủ mô phổi sau một quá trình viêm cấp. Cơ chế: Lúc đầu trong nhu mô phổi bị viêm xuất hiện một hay nhiều ổ viêm hóa mủ, nhu mô phổi bị đông đặc, nếu điều trị ở giai đoạn này th"
hoại tử nhu mô phổi,CHẨN_ĐOÁN,1,,hoại tử nhu mô phổi,1,"Viêm phổi là tình trạng viêm phế quản, phế nang, giai đoạn đầu là xuất tiết dịch, nếu điều trị sớm và kịp thời thì sẽ nhanh chóng hết với những cơ thể có sức đề kháng bình thường. Viêm phổi tiến triển nặng là giai đoạn sau, có thể do nhiễm vi khuẩn nặng, thuốc kháng sinh không đáp ứng hay cơ thể có sức đề kháng yêu, suy giảm miễn dịch và hoại tử nhu mô phổi. Viêm phổi hoại tử: là một thể nặng của "
huyết khối tĩnh mạch sâu,CHẨN_ĐOÁN,1,I80.2,huyết khối tĩnh mạch sâu,1,phổi cấp tính - chụp x-quang bàn chân phải không phát hiện gãy xương hoặc viêm xương tủy - Bên phải âm tính với huyết khối tĩnh mạch sâu (DVT)
hạ huyết áp tư thế đứng,CHẨN_ĐOÁN,1,,hạ huyết áp tư thế đứng,1,"Khi thiếu B12 sẽ rối loạn sản xuất máu ở tủy xương; các biểu hiện về thần kinh như dị cảm, giảm cảm giác vị thế, khả năng trí óc giảm, hạ huyết áp tư thế đứng,.... Đối với bệnh nhân ung thư cũng được khuyên là không nên sử dụng B12."
hẹp hoặc tắc các động mạch vành,CHẨN_ĐOÁN,1,,hẹp hoặc tắc các động mạch vành,1,"Bệnh mạch vành là gì? Bệnh mạch vành là tình trạng hẹp hoặc tắc các động mạch vành – những mạch máu có nhiệm vụ nuôi dưỡng cơ tim. Nguyên nhân chủ yếu là xơ vữa động mạch, làm giảm tưới máu cơ tim, gây thiếu oxy cơ tim, từ đó dẫn đến đau thắt ngực, nhồi máu cơ tim, suy tim hoặc đột tử ."
hẹp lỗ liên hợp,CHẨN_ĐOÁN,1,M99.7,hẹp lỗ liên hợp,1,"Đánh giá tại bệnh viện Kết quả chụp ảnh: chụp cộng hưởng từ (mri) cột sống cổ cho thấy hẹp ống sống C4-5, C5-6, C6-7 và hẹp lỗ liên hợp"
hẹp tắc mạch vành,CHẨN_ĐOÁN,1,I25.9,hẹp tắc mạch vành,1,"• Giới tính: Trẻ trai mắc bệnh nhiều hơn trẻ gái. • Đặc điểm nguy hiểm: Giai đoạn đầu có thể chưa quá nghiêm trọng, nhưng nếu không điều trị kịp thời, bệnh có thể dẫn đến viêm tim, phình giãn động mạch vành, đột tử, nhồi máu cơ tim, hoặc hẹp tắc mạch vành gây suy tim về sau. Tóm lại: Kawasaki là bệnh viêm mạch máu nguy hiểm, cần phát hiện sớm để tránh biến chứng nặng."
hẹp ống sống c4-5,CHẨN_ĐOÁN,1,,hẹp ống sống C4-5,1,"Đánh giá tại bệnh viện Kết quả chụp ảnh: chụp cộng hưởng từ (mri) cột sống cổ cho thấy hẹp ống sống C4-5, C5-6, C6-7 và hẹp lỗ liên hợp"
hội chứng bàn chân bẹt bẩm sinh,CHẨN_ĐOÁN,1,,hội chứng bàn chân bẹt bẩm sinh,1,"Cháu có 1 nhóc 3,5 tuổi. Cháu đang nghĩ cháu bị hội chứng bàn chân bẹt bẩm sinh, vì phần gót chân của con cháu khi nhìn ngoại quan nó hơi lệch , lòng bàn chân phẳng. Cháu chạy, nhảy bình thường, chân có hơi vòng kiềng nhưng khó thấy."
loãng xương,CHẨN_ĐOÁN,1,M81.9,loãng xương,1,"Viêm nha chu nếu để kéo dài, chân răng có thể bị hư hại dẫn đến tình trạng mất răng hoặc viêm khớp dạng thấp, các bệnh hô hấp, đột quỵ,... - Thiếu canxi và vitamin: Thiếu hụt canxi dễ gây loãng xương, sâu răng và có nguy cơ bị viêm nha chu. Hôi miệng và chảy máu chân răng còn có thể do cơ thể thiếu hụt vitamin K."
loét loét thực quản,CHẨN_ĐOÁN,1,,Loét loét thực quản,1,cũng cần lưu ý khi chia nhỏ viên thuốc để đảm bảo liều lượng chính xác. - Viêm thực quản độ C ở thực quản dưới - Loét loét thực quản 6 mm có điểm sắc tố - Nhiều loét sạch đáy loét ở tá tràng kéo dài từ hành tá tràng đến hồi tràng sớm
loét thực quản,CHẨN_ĐOÁN,1,K22.1,loét thực quản,1,"- Nội soi (cho thấy nhiều loét tá tràng và hồi tràng) - nội soi (Viêm thực quản độ C, loét thực quản dưới 6 mm có điểm sắc tố, nhiều loét nông sạch đáy ở tá tràng và hồi tràng sớm) Thuốc trước khi nhập viện: omeprazole (vừa ngừng để làm test hơi thở h."
loét tì đè giai đoạn iv,CHẨN_ĐOÁN,1,L89.9,loét tì đè giai đoạn IV,1,1. Tiền sử bệnh - viêm tủy xương mãn tính và bàng quang thần kinh gây biến chứng liệt hai chi dưới và loét tì đè giai đoạn IV mãn tính - đặt lưu sonde tiểu gây nhiễm khuẩn đường tiết niệu tái phát Thuốc đã dùng trước đây - Đã sử dụngvancozosyn nhưng hiện tại đang dừng. Sau khi khám chuyên khoa Truyền nhiễm đang dùng bactrim để điều trị nhiễm khuẩn đường tiết niệu
loét ở tá tràng,CHẨN_ĐOÁN,1,,loét ở tá tràng,1,xác. - Viêm thực quản độ C ở thực quản dưới - Loét loét thực quản 6 mm có điểm sắc tố - Nhiều loét sạch đáy loét ở tá tràng kéo dài từ hành tá tràng đến hồi tràng sớm
nguy cơ tiền sản giật cao,CHẨN_ĐOÁN,1,O14.9,nguy cơ tiền sản giật cao,1,"Chào bạn, ************ được khuyến cáo đối với những sản phụ có nguy cơ tiền sản giật cao để phòng ngừa tiền sản giật và những biến chứng liên quan đến tiền sản giật. Tuy nhiên, ******* là thuốc có tác dụng chống đông máu do đó tác dụng phụ của thuốc là có thể gây chảy máu."
nhiễm khuẩn,CHẨN_ĐOÁN,1,A49.9,Nhiễm khuẩn,1,Nhiều chuyên gia đưa ra các giả thuyết: Các yếu tố nghi ngờ liên quan: • Nhiễm khuẩn – nhiễm virus hoặc độc tố vi khuẩn. • Phản ứng miễn dịch bất thường ở trẻ có cơ địa nhạy cảm.
nhiễm khuẩn huyết,CHẨN_ĐOÁN,1,A41.9,nhiễm khuẩn huyết,1,"Tình trạng hô hấp cải thiện sau hỗ trợ hô hấp và bệnh nhân ổn định trở lại. Trong thời gian nằm viện, bệnh nhân được chẩn đoán nhiễm khuẩn huyết do tụ cầu vàng nhạy cảm methicillin, nghi liên quan đến đường truyền tĩnh mạch trung tâm ngoại vi (PICC). Siêu âm mạch máu chi trên không ghi nhận huyết khối, xạ hình thông khí - tưới máu phổi cho thấy xác suất thấp thuyên tắc phổi."
nhiễm khuẩn tiết niệu,CHẨN_ĐOÁN,1,,nhiễm khuẩn tiết niệu,1,"• Thuốc kháng sốt rét như *******, ***********, ********** • Vitamin K dùng trong điều trị nhiễm khuẩn tiết niệu • Thực phẩm chế biến từ đậu tằm"
nhiễm khuẩn đường tiêu hóa,CHẨN_ĐOÁN,1,,Nhiễm khuẩn đường tiêu hóa,1,"- biến đổi ý thức - hạ thân nhiệt Khó thở khi nằm đầu bằng, SpO2 99% thở khí 2L/ph Tim nhịp không đều, tần số 105 chu kì/phút T1, T2 rõ, không có tiếng tim bệnh lí Huyết áp 110/70 mmHg Phổi rì rào phế nang giảm, không có tiếng rales bệnh lí Bụng mềm, không chướng Không có điểm đau, gan lách không sờ thấy Không phù, tiểu được không rõ số lượng Chẩn đoán : : Đợt cấp COPD - Tâm phế mạn - Cơn tim nhan"
"nhiễm khuẩn, nhiễm virus",CHẨN_ĐOÁN,1,B34.9,"Nhiễm khuẩn, nhiễm virus",1,"Theo khuyến cáo của bác sĩ, trẻ thiếu men G6PD cần tránh các yếu tố có thể gây ảnh hưởng xấu đến sức khỏe như: • Nhiễm khuẩn, nhiễm virus • Thuốc giảm đau, hạ sốt chứa ******* hoặc **********"
nhiễm trùng đường hô hấp,CHẨN_ĐOÁN,1,J22,nhiễm trùng đường hô hấp,1,"Theo lời kể , khoảng 2 tuần trước khi nhập viện bệnh nhân xuất hiện mệt mỏi, ho và chảy nước mũi.Nhiều thành viên trong gia đình có các triệu chứng tương tự. Bệnh nhân đã được bác sĩ gia đình khám vì các triệu chứng nhiễm trùng đường hô hấp trên. - Tại phòng khám, bệnh nhân được ghi nhận có độ bão hòa oxy (SPO2) từ 88-92 % khi thở khí trời và nhịp thở nhanh."
nhiễm trùng đường tiết niệu,CHẨN_ĐOÁN,1,N39.0,Nhiễm trùng đường tiết niệu,1,"- béo phì - Nhiễm trùng đường tiết niệu (UTIs) tái phát nhiễm khuẩn đường tiết niệu, vị trí không xác định 2."
nhiễm vi khuẩn,CHẨN_ĐOÁN,1,A49.9,nhiễm vi khuẩn,1,"Nếu không vệ sinh răng miệng đúng cách sẽ tạo điều kiện cho vi khuẩn xâm nhập, gây tổn thương nướu và làm phát sinh mùi hôi. - Viêm quanh răng: Các mô bao quanh cuống răng bị viêm và sưng do nhiễm vi khuẩn, sang chấn răng. - Viêm nha chu: Đây là dạng nhiễm trùng lợi nặng, các triệu chứng gồm đau khi nhai, răng lung lay, sưng nướu, dễ chảy máu răng, hôi miệng, có mủ."
nhiễm vi khuẩn nặng,CHẨN_ĐOÁN,1,,nhiễm vi khuẩn nặng,1,"Viêm phổi là tình trạng viêm phế quản, phế nang, giai đoạn đầu là xuất tiết dịch, nếu điều trị sớm và kịp thời thì sẽ nhanh chóng hết với những cơ thể có sức đề kháng bình thường. Viêm phổi tiến triển nặng là giai đoạn sau, có thể do nhiễm vi khuẩn nặng, thuốc kháng sinh không đáp ứng hay cơ thể có sức đề kháng yêu, suy giảm miễn dịch và hoại tử nhu mô phổi. Viêm phổi hoại tử: là một thể nặng của "
nhịp chậm xoang,CHẨN_ĐOÁN,1,,nhịp chậm xoang,1,Các thủ thuậ khác - điện tâm đồ cho thấy nhịp chậm xoang - đường huyết lúc đóiđường huyết thấp)
nhịp nhanh,CHẨN_ĐOÁN,1,R00.0,nhịp nhanh,1,- Không đau ngực Các diễn biến trước khi nhập viện - Gần đây nhập viện để đánh giá tổng quát về tiêu hóa
nhịp nhanh đều,CHẨN_ĐOÁN,1,,nhịp nhanh đều,1,"Sáng cùng ngày vào viện bệnh nhân xuất hiện sốt cao 39.7 độ C , vào viện điều trị. Tình trạng lúc vào: Bệnh nhân tỉnh Cảm giác khát nước Da khô, nếp véo da mất chậm Không ngực, không khó thở Đau bụng, đau hông từng cơn- Hạ huyết áp Mạch nhanh Tim nhịp nhanh đều Trứng cá bắt nguồn từ bốn yếu tố chính: Tăng sản tuyến bã nhờn - Xquang ngực thẳng: không thấy thâm nhiễm Thủ thuật: - svo2 là 82 Đặt ống "
nhồi máu không,CHẨN_ĐOÁN,1,,Nhồi máu không,1,• Nhồi máu cơ tim ST chênh • Nhồi máu không ST chênh • Đau thắt ngực không ổn định
nốt sần tuyến giáp phải,CHẨN_ĐOÁN,1,E04.1,nốt sần tuyến giáp phải,1,"Các sự kiện trước khi nhập viện - siêu âm cho thấy sỏi mật 5. Zestril 10mg x 1 viên, uống sáng."
rung nhĩ kèm đáp ứng thất nhanh,CHẨN_ĐOÁN,1,I48.9,Rung nhĩ kèm đáp ứng thất nhanh,1,"1. Tiền sử bệnh nội Các bệnh lý mạn tính - ho Bệnh bạch cầu dòng tủy mãn tính - Tăng huyết áp - Đái tháo đường típ 2 - ho Rung nhĩ kèm đáp ứng thất nhanh - bệnh thận mạn, không đặc hiệu 2. Bệnh sử hiện tại Lý do vào viện: Khó thở tăng dần, diễn tiến nặng hơn từ sáng ngày nhập viện."
suy hô hấp,CHẨN_ĐOÁN,1,J96.9,suy hô hấp,1,"Bệnh nhân có tiền sử nhập viện gần đây vì sốt và đau vai. Trong đợt điều trị đó, bệnh nhân diễn tiến suy hô hấp kèm tăng huyết áp, không đáp ứng đáng kể với điều trị lợi tiểu và phải chuyển khoa Hồi sức tích cực để hỗ trợ thở áp lực dương không xâm nhập (BiPAP). Tình trạng hô hấp cải thiện sau hỗ trợ hô hấp và bệnh nhân ổn định trở lại."
suy thận cấp,CHẨN_ĐOÁN,1,N17.9,suy thận cấp,1,"• Vàng da, vàng mắt Khi đi khám, xét nghiệm máu thường cho thấy thiếu máu do tan huyết, hồng cầu bị phá hủy hàng loạt, dẫn đến thiếu máu, vàng da vàng mắt và thậm chí suy thận cấp. Đặc biệt, nếu trẻ sơ sinh bị vàng da nặng sau khoảng 2 tuần tuổi, các tổn thương thần kinh có thể rất nghiêm trọng, gây bại não, chậm phát triển trí tuệ và vận động."
suy thận mạn giai đoạn 5,CHẨN_ĐOÁN,1,,suy thận mạn giai đoạn 5,1,Chụp Xquang ngực thẳng: Hình ảnh bóng tim to Chẩn đoán: suy tim - suy thận mạn giai đoạn 5tăng huyết áp - Thời gian: Không ghi rõ
sâu răng,CHẨN_ĐOÁN,1,K02.9,sâu răng,1,"Viêm nha chu nếu để kéo dài, chân răng có thể bị hư hại dẫn đến tình trạng mất răng hoặc viêm khớp dạng thấp, các bệnh hô hấp, đột quỵ,... - Thiếu canxi và vitamin: Thiếu hụt canxi dễ gây loãng xương, sâu răng và có nguy cơ bị viêm nha chu. Hôi miệng và chảy máu chân răng còn có thể do cơ thể thiếu hụt vitamin K."
thiếu máu do tan huyết,CHẨN_ĐOÁN,1,D55.0,thiếu máu do tan huyết,1,"• Vàng da, vàng mắt Khi đi khám, xét nghiệm máu thường cho thấy thiếu máu do tan huyết, hồng cầu bị phá hủy hàng loạt, dẫn đến thiếu máu, vàng da vàng mắt và thậm chí suy thận cấp. Đặc biệt, nếu trẻ sơ sinh bị vàng da nặng sau khoảng 2 tuần tuổi, các tổn thương thần kinh có thể rất nghiêm trọng, gây bại não, chậm phát triển trí tuệ và vận động."
tiền sản giật cao,CHẨN_ĐOÁN,1,,tiền sản giật cao,1,"Chào Bác sĩ, hiện tại em đang mang thai được 22 tuần. Vào tuần thứ 18 em có làm xét nghiệm thì có kết quả nguy cơ tiền sản giật cao, Bác sĩ kê đơn thuốc ************ sử dụng mỗi tối.Từ đó đến giờ, mũi em thường xuyên có cục máu đông và một lần đi tiêu ra máu. Em không biết là do người em nóng hay do tác dụng phụ của thuốc và có cần đi thăm khám"
tiểu đường loại 1,CHẨN_ĐOÁN,1,E10.9,Tiểu đường loại 1,1,Các bệnh mãn tính - Tiểu đường loại 1 đái tháo đường - tăng huyết áp
tràn dịch màng ngoài tim,CHẨN_ĐOÁN,1,I31.3,tràn dịch màng ngoài tim,1,Bệnh sử hiện tại Lý do vào việni: khó thở 3. Khám tại bệnh viện Lâm sàng: tràn dịch màng ngoài tim mức độ trung bình Kết quả chẩn đoán hình ảnh: ung thư di căn theo đường bạch huyết ở hai phổi Các thủ thuật đã thực hiện - dẫn lưu dịch màng tim Mình xin tư vấn một số phương pháp điều trị dưới đây 1. Liệu pháp ************** Tiêm ************** nội thương tổn được chỉ định trong rụng tóc từng vùng k
tràn dịch màng tim,CHẨN_ĐOÁN,1,I31.3,Tràn dịch màng tim,1,Tiêu chuẩn chẩn đoán Sốt ≥5 ngày + 4/5 tiêu chí sau: 1.
"tăng lipid máu, không",CHẨN_ĐOÁN,1,,"tăng lipid máu, không",1,"- Tăng huyết áp - tăng lipid máu, không đặc hiệu - Đái tháo đường típ 2"
tăng áp lực tĩnh mạch cửa,CHẨN_ĐOÁN,1,K76.6,tăng áp lực tĩnh mạch cửa,1,"Nếu không được xử lý kịp thời, hạt tophi bị vỡ ra có thể gây hoại tử, biến dạng xương khớp, gây nhiễm trùng máu, rất khó lành - Bệnh nhân xơ gan mất bù có tăng áp lực tĩnh mạch cửa, cổ trướng và tràn dịch màng phổi. Thuốc trước khi nhập viện lần này: liệu pháp lợi tiểu 2."
tắc mạch cấp,CHẨN_ĐOÁN,1,,tắc mạch cấp,1,• Mảng xơ vữa to dần → hẹp lòng mạch • Nứt vỡ mảng xơ vữa → huyết khối → tắc mạch cấp Yếu tố nguy cơ
tắc mạch do cục máu đông,CHẨN_ĐOÁN,1,,tắc mạch do cục máu đông,1,- Bệnh có ảnh hưởng đến đến con bạn hay không thì phụ thuốc vào gen đột biến của bạn có truyền sang cho con bạn không. Nếu có thì con bạn cũng có thể bị tắc mạch do cục máu đông. Các thủ thuật đã thực hiện: đặt shunt dẫn lưu tĩnh mạch cửa qua da
tắc động mạch vành,CHẨN_ĐOÁN,1,,tắc động mạch vành,1,• Nhồi máu cơ tim • Suy vành mạn tính Khoảng 25–30% trẻ không điều trị đúng cách sẽ bị biến chứng này. Biến chứng khác:
u ác trực tràng,CHẨN_ĐOÁN,1,C20,u ác trực tràng,1,Câu hỏi từ người dùng: - khối u trực tràng với hình ảnh của một u ác trực tràng đáng kể - sinh thiết chỉ cho thấy một u tuyến - đến khám để phân giai đoạn phẫu thuật với tem (viết tắt) Câu trả lời của bác sĩ: Chào bạn!
ung thư biểu mô tế bào mật,CHẨN_ĐOÁN,1,C24.0,ung thư biểu mô tế bào mật,1,"Tiền sử bệnh nội khoa Tiền sử phẫu thuật / thủ thuật: Đã thực hiện phẫu thuật cắt bỏ ống dẫn mật chung, cắt bỏ một phần thùy gan bên trái và nối mật tụy bằng ống dẫn hồi tràng (RNY hepaticojejunostomy) vào ngày [Ngày] vì nghi ngờ ung thư biểu mô tế bào mật không thể cắt bỏ. 2."
ung thư cổ tử cung,CHẨN_ĐOÁN,1,C53.9,ung thư cổ tử cung,1,"Tuy nhiên khi lạm dụng thuốc sẽ gây ra một số hậu quả nghiêm trọng như: - Gây ra tình trạng tắc ống dẫn trứng, lạm dụng thuốc còn khiến teo niêm mạc tử cung, không rụng trứng dẫn đến vô sinh. Nhiều trường hợp nguy hiểm còn gây ra ung thư cổ tử cung do dùng thuốc quá nhiều. - Sử dụng nhiều ************************* khiến chị em tăng nguy cơ mang thai ngoài tử cung."
ung thư di căn theo đường bạch huyết ở hai phổi,CHẨN_ĐOÁN,1,C79.9,ung thư di căn theo đường bạch huyết ở hai phổi,1,Bệnh sử hiện tại Lý do vào việni: khó thở 3. Khám tại bệnh viện Lâm sàng: tràn dịch màng ngoài tim mức độ trung bình Kết quả chẩn đoán hình ảnh: ung thư di căn theo đường bạch huyết ở hai phổi Các thủ thuật đã thực hiện - dẫn lưu dịch màng tim Mình xin tư vấn một số phương pháp điều trị dưới đây 1. Liệu pháp ************** Tiêm ************** nội thương tổn được chỉ định trong rụng tóc từng vùng k
ung thư tuyến giáp,CHẨN_ĐOÁN,1,,ung thư tuyến giáp,1,"- Phát triển đau bụng và nôn ra máu trở nên tồi tệ hơn (khi ngừng omeprazole) Chào bạn, bạn mắc ung thư tuyến giáp và chắc đã phẫu thuật, hiện bác sĩ đang kê đơn cho bạn uống levothyroxine với liều 75 microgam/ngày (lưu ý: một viên thuốc Berlthyrox có hàm lượng là 100 microgam chứ không phải 100 miligam như bạn đã nói), là hormone tuyến giáp tổng hợp, nhằm bù lại lượng hormone giáp cơ thể không th"
ung thư vú,CHẨN_ĐOÁN,1,C50.9,Ung thư vú,1,"Cảm ơn Bác sỹ ạ! Ung thư vú di căn, tràn dịch màng phổi trái tái phát 2."
ung thư đường mật,CHẨN_ĐOÁN,1,C24.0,ung thư đường mật,1,"- cắt bỏ phân đoạn bên trái gan - Đã phẫu thuật nối ống gan - hỗng tràng vì nghi ngờ ung thư đường mật không thể cắt bỏ - Đã can thiệp chụp đường mật, đặt 3 stent đường mật lưu dài hạn"
ung thư đại tràng,CHẨN_ĐOÁN,1,C18.9,Ung thư đại tràng,1,- Tăng huyết áp - Tiền sử phẫu thuật cắt bỏ đại tràng do Ung thư đại tràng - Tiền sử Thuyên tắc phổi đang dùng coumadin (tiền sử Thuyên tắc phổi đang dùng coumadin)
viêm bể thận,CHẨN_ĐOÁN,1,N12,viêm bể thận,1,"Các sự kiện trước khi nhập viện - Gần đây nhập viện vì viêm bể thận và viêm phế quản - Cách ly môi khỏi ánh sáng mặt trời bằng khẩu trang và các phương pháp bảo hộ. - Tránh để bụi bẩn bám vào môi cũng như mọi va chạm, cọ xát mạnh lên khu vực da còn thương tổn này."
viêm gan cấp tính do virus b thể,CHẨN_ĐOÁN,1,B16.9,Viêm gan cấp tính do virus B thể,1,- VS98.3 12987 56 18 99RA Viêm gan cấp tính do virus B thể thông thường điển hình mức độ nặng giai đoạn toàn phát 3/ đơn thuốc: Kết quả xét nghiệm: phân tích nước tiểu không có gì đáng chú ý Kết quả chẩn đoán hình ảnh: chụp x-quang ngực không có gì đáng chú ý
viêm gan virus,CHẨN_ĐOÁN,1,B19.9,viêm gan virus,1,3. Đánh giá tại bệnh viện Kết quả xét nghiệm - ast 421 - alt 336 - alp 185 - bilirubin toàn phần 0.9 - total bili bắt đầu tăng lên đạt đỉnh 6.7 - bảng xét nghiệm viêm gan virus là âm tính - ferritin là bình thường - ceruloplasmin vẫn đang chờ kết quả đang chờ kết quả tại thời điểm chuyển viện Kết quả chẩn đoán hình ảnh - siêu âm bụng có doppler âm tính âm tính - âm tính chụp hida - ercp cho thấy t
viêm gan vàng da,CHẨN_ĐOÁN,1,,viêm gan vàng da,1,"Hội chứng viêm gan vàng da ứ mật: Khởi phát bệnh từ từ, da niêm mạc vàng sau khi hết sốt. Kèm theo có nước tiểu ít hơn so với bình thường, vàng sậm như nước vối."
viêm khớp dạng thấp,CHẨN_ĐOÁN,1,M06.9,viêm khớp dạng thấp,1,"- Viêm nha chu: Đây là dạng nhiễm trùng lợi nặng, các triệu chứng gồm đau khi nhai, răng lung lay, sưng nướu, dễ chảy máu răng, hôi miệng, có mủ. Viêm nha chu nếu để kéo dài, chân răng có thể bị hư hại dẫn đến tình trạng mất răng hoặc viêm khớp dạng thấp, các bệnh hô hấp, đột quỵ,... - Thiếu canxi và vitamin: Thiếu hụt canxi dễ gây loãng xương, sâu răng và có nguy cơ bị viêm nha chu."
viêm phế quản,CHẨN_ĐOÁN,1,J40,viêm phế quản,1,"Các sự kiện trước khi nhập viện - Gần đây nhập viện vì viêm bể thận và viêm phế quản - Cách ly môi khỏi ánh sáng mặt trời bằng khẩu trang và các phương pháp bảo hộ. - Tránh để bụi bẩn bám vào môi cũng như mọi va chạm, cọ xát mạnh lên khu vực da còn thương tổn này."
"viêm phế quản, phế nang",CHẨN_ĐOÁN,1,,"viêm phế quản, phế nang",1,"Trả lời : Chào bạn! Viêm phổi là tình trạng viêm phế quản, phế nang, giai đoạn đầu là xuất tiết dịch, nếu điều trị sớm và kịp thời thì sẽ nhanh chóng hết với những cơ thể có sức đề kháng bình thường. Viêm phổi tiến triển nặng là giai đoạn sau, có thể do nhiễm vi khuẩn nặng, thuốc kháng sinh không đáp ứng hay cơ thể có sức đề kháng yêu, suy giảm miễn dịch và hoại tử nhu mô phổi."
viêm phổi tiến triển,CHẨN_ĐOÁN,1,,Viêm phổi tiến triển,1,"Viêm phổi là tình trạng viêm phế quản, phế nang, giai đoạn đầu là xuất tiết dịch, nếu điều trị sớm và kịp thời thì sẽ nhanh chóng hết với những cơ thể có sức đề kháng bình thường. Viêm phổi tiến triển nặng là giai đoạn sau, có thể do nhiễm vi khuẩn nặng, thuốc kháng sinh không đáp ứng hay cơ thể có sức đề kháng yêu, suy giảm miễn dịch và hoại tử nhu mô phổi. Viêm phổi hoại tử: là một thể nặng của "
viêm thực quản,CHẨN_ĐOÁN,1,K20,Viêm thực quản,1,"- Nội soi (cho thấy nhiều loét tá tràng và hồi tràng) - nội soi (Viêm thực quản độ C, loét thực quản dưới 6 mm có điểm sắc tố, nhiều loét nông sạch đáy ở tá tràng và hồi tràng sớm) Thuốc trước khi nhập viện: omeprazole (vừa ngừng để làm test hơi thở h."
viêm thực quản độ c ở thực quản,CHẨN_ĐOÁN,1,,Viêm thực quản độ C ở thực quản,1,- Loét loét thực quản 6 mm có điểm sắc tố - Nhiều loét sạch đáy loét ở tá tràng kéo dài từ hành tá tràng đến hồi tràng sớm
viêm tim,CHẨN_ĐOÁN,1,I51.4,viêm tim,1,"• Giới tính: Trẻ trai mắc bệnh nhiều hơn trẻ gái. • Đặc điểm nguy hiểm: Giai đoạn đầu có thể chưa quá nghiêm trọng, nhưng nếu không điều trị kịp thời, bệnh có thể dẫn đến viêm tim, phình giãn động mạch vành, đột tử, nhồi máu cơ tim, hoặc hẹp tắc mạch vành gây suy tim về sau. Tóm lại: Kawasaki là bệnh viêm mạch máu nguy hiểm, cần phát hiện sớm để tránh biến chứng nặng."
viêm tuyến mồ hôi,CHẨN_ĐOÁN,1,L73.2,viêm tuyến mồ hôi,1,- metoprolol 25mg po bid - doxycycline cho viêm tuyến mồ hôi - atenolol (uống hôm nay)
viêm tuỷ xương,CHẨN_ĐOÁN,1,M86.9,viêm tuỷ xương,1,2. Bệnh sử hiện tại Lý do nhập viện: sốt cao Cách ngày vào viện 2 tuần bệnh nhân đã vào viện vì hạ huyết áp và được chẩn đoán nhiễm trùng huyết điều trị bằng kháng sinh vancozosynbactrim điều trị bệnh viêm tuỷ xương. Sau đó dùng zosyn 8 ngày và dừng tất cả kháng sinh để điều trị viêm tủy xương mãn tính tại khoa Hồi sức tích cực.
viêm túi mật,CHẨN_ĐOÁN,1,K81.9,viêm túi mật,1,- siêu âm vùng gan mật cho thấy sỏi mật nhưng không có viêm túi mật hoặc sỏi ống mật (lần nhập viện trước) - chụp ct bụng chậu là chưa phát hiện bất thường (lần nhập viện trước) - siêu âm vùng gan mật hiện tại cho thấy túi mật căng to với dịch quanh túi mật gợi ý viêm túi mật cấp
viêm tụy,CHẨN_ĐOÁN,1,K85.9,viêm tụy,1,Tiền sử bệnh bệnh nhân có tiền sử nhập viện gần đây vìviêm tụy Bệnh lý mãn tính
viêm tủy xương,CHẨN_ĐOÁN,1,M86.9,viêm tủy xương,1,Tiền sử bệnh nội khoa Các bệnh lý mãn tính: viêm tủy xương và bàng quang thần kinh có biến chứng liệt hai chi dưới 2.
xơ gan mất bù,CHẨN_ĐOÁN,1,K74.6,xơ gan mất bù,1,"Nếu không được xử lý kịp thời, hạt tophi bị vỡ ra có thể gây hoại tử, biến dạng xương khớp, gây nhiễm trùng máu, rất khó lành - Bệnh nhân xơ gan mất bù có tăng áp lực tĩnh mạch cửa, cổ trướng và tràn dịch màng phổi. Thuốc trước khi nhập viện lần này: liệu pháp lợi tiểu 2."
xơ vữa động mạch,CHẨN_ĐOÁN,1,I70.9,xơ vữa động mạch,1,"Bệnh mạch vành là tình trạng hẹp hoặc tắc các động mạch vành – những mạch máu có nhiệm vụ nuôi dưỡng cơ tim. Nguyên nhân chủ yếu là xơ vữa động mạch, làm giảm tưới máu cơ tim, gây thiếu oxy cơ tim, từ đó dẫn đến đau thắt ngực, nhồi máu cơ tim, suy tim hoặc đột tử . 2."
xơ vữa động mạch vành,CHẨN_ĐOÁN,1,,Xơ vữa động mạch vành,1,Nguyên nhân chính Xơ vữa động mạch vành: • LDL-cholesterol tăng
đái tháo đường typ ii,CHẨN_ĐOÁN,1,,Đái tháo đường typ II,1,"3. Tiên lượng: Bệnh mạn tính, điều trị ổn định từng đợt, cần chú ý biến chứng tại cơ quan đích. 4."
amyloidosis gia đình,CHẨN_ĐOÁN,0,E85.2,amyloidosis gia đình,0,
bàn chân bẹt,CHẨN_ĐOÁN,0,M21.4,bàn chân bẹt,0,
bàn chân vẹo bẩm sinh,CHẨN_ĐOÁN,0,Q66.9,bàn chân vẹo bẩm sinh,0,
bóc tách động mạch chủ,CHẨN_ĐOÁN,0,I71.0,bóc tách động mạch chủ,0,
bóc tách động mạch chủ loại b,CHẨN_ĐOÁN,0,I71.0,bóc tách động mạch chủ loại b,0,
bệnh mạch máu,CHẨN_ĐOÁN,0,I73.8,bệnh mạch máu,0,
bệnh rễ thần kinh tuỷ sống ở ngón tay cái,CHẨN_ĐOÁN,0,M54.1,bệnh rễ thần kinh tuỷ sống ở ngón tay cái,0,
bệnh thận đa nang,CHẨN_ĐOÁN,0,Q61.3,bệnh thận đa nang,0,
bệnh túi thừa,CHẨN_ĐOÁN,0,K57.9,bệnh túi thừa,0,
bệnh túi thừa ở cả ruột non và đại tràng,CHẨN_ĐOÁN,0,K57.9,bệnh túi thừa ở cả ruột non và đại tràng,0,
bệnh động mạch vành mạn tính,CHẨN_ĐOÁN,0,I25.1,bệnh động mạch vành mạn tính,0,
"gãy 3 xương sườn 9, 10 và 11",CHẨN_ĐOÁN,0,S22.4,"gãy 3 xương sườn 9, 10 và 11",0,
gãy cổ xương đùi,CHẨN_ĐOÁN,0,S72.0,gãy cổ xương đùi,0,
gãy cổ xương đùi di lệch,CHẨN_ĐOÁN,0,S72.0,gãy cổ xương đùi di lệch,0,
gãy xương sườn trái,CHẨN_ĐOÁN,0,S22.3,gãy xương sườn trái,0,
hen suyễn,CHẨN_ĐOÁN,0,J45.9,hen suyễn,0,
hạ kali máu,CHẨN_ĐOÁN,0,E87.8,hạ kali máu,0,
hẹp 60% đoạn gần động mạch,CHẨN_ĐOÁN,0,I25.1,hẹp 60% đoạn gần động mạch,0,
hẹp gây hạn chế dòng chảy,CHẨN_ĐOÁN,0,I25.1,hẹp gây hạn chế dòng chảy,0,
hẹp van động mạch chủ,CHẨN_ĐOÁN,0,I35.0,hẹp van động mạch chủ,0,
hội chứng mạch vành cấp,CHẨN_ĐOÁN,0,I24.9,hội chứng mạch vành cấp,0,
hội chứng não gan,CHẨN_ĐOÁN,0,K72.9,hội chứng não gan,0,
hở van ba lá,CHẨN_ĐOÁN,0,I36.1,hở van ba lá,0,
hở van hai lá,CHẨN_ĐOÁN,0,I34.0,hở van hai lá,0,
khó kiểm soát huyết áp,CHẨN_ĐOÁN,0,I10,khó kiểm soát huyết áp,0,
khối máu tụ dưới màng cứng,CHẨN_ĐOÁN,0,I62.0,khối máu tụ dưới màng cứng,0,
loét bàn chân nhiễm trùng,CHẨN_ĐOÁN,0,L97,loét bàn chân nhiễm trùng,0,
loét mới ở ngón chân út bên phải,CHẨN_ĐOÁN,0,L97,loét mới ở ngón chân út bên phải,0,
mày đay vô,CHẨN_ĐOÁN,0,L50.1,mày đay vô,0,
nang tụy,CHẨN_ĐOÁN,0,K86.2,nang tụy,0,
nghi ngờ xơ gan do rượu,CHẨN_ĐOÁN,0,K70.3,nghi ngờ xơ gan do rượu,0,
nghẽn tắc và hẹp động mạch cảnh,CHẨN_ĐOÁN,0,I65.2,nghẽn tắc và hẹp động mạch cảnh,0,
nhiễm clostridioides difficile,CHẨN_ĐOÁN,0,A04.7,nhiễm clostridioides difficile,0,
nhiễm trùng tụ cầu,CHẨN_ĐOÁN,0,A49.0,nhiễm trùng tụ cầu,0,
nhiễm trùng vết mổổ,CHẨN_ĐOÁN,0,T81.4,nhiễm trùng vết mổổ,0,
nhịp chậm,CHẨN_ĐOÁN,0,R00.1,nhịp chậm,0,
nhồi máu cũ,CHẨN_ĐOÁN,0,I63.9,nhồi máu cũ,0,
nốt tuyến giáp thùy trái,CHẨN_ĐOÁN,0,E04.1,nốt tuyến giáp thùy trái,0,
nốt tuyến giáp trái,CHẨN_ĐOÁN,0,E04.1,nốt tuyến giáp trái,0,
phình động mạch chủ,CHẨN_ĐOÁN,0,I71.9,phình động mạch chủ,0,
phù phổi,CHẨN_ĐOÁN,0,J81,phù phổi,0,
rung nhĩ điển hình,CHẨN_ĐOÁN,0,I48.9,rung nhĩ điển hình,0,
rò động - tĩnh mạch đùi phải,CHẨN_ĐOÁN,0,I77.0,rò động - tĩnh mạch đùi phải,0,
rò ống tuỵ mật,CHẨN_ĐOÁN,0,K86.8,rò ống tuỵ mật,0,
rối loạn chức năng tâm thất,CHẨN_ĐOÁN,0,I51.9,rối loạn chức năng tâm thất,0,
rối loạn cân bằng kiềm toan,CHẨN_ĐOÁN,0,E87.2,rối loạn cân bằng kiềm toan,0,
rối loạn dáng đi,CHẨN_ĐOÁN,0,G24.8,rối loạn dáng đi,0,
rối loạn đông máu,CHẨN_ĐOÁN,0,D68.9,rối loạn đông máu,0,
suy giảm huyết động,CHẨN_ĐOÁN,0,I99,suy giảm huyết động,0,
suy giảm nhận thức,CHẨN_ĐOÁN,0,G31.8,suy giảm nhận thức,0,
suy thận ngày càng nặng,CHẨN_ĐOÁN,0,N19,suy thận ngày càng nặng,0,
suy tim sung huyết cấp,CHẨN_ĐOÁN,0,I50.9,suy tim sung huyết cấp,0,
thiếu hụt g 6 pd,CHẨN_ĐOÁN,0,D55.0,thiếu hụt g 6 pd,0,
thiếu men g 6 pd,CHẨN_ĐOÁN,0,D55.0,thiếu men g 6 pd,0,
thoát vị cạnh thực quản,CHẨN_ĐOÁN,0,K44.9,thoát vị cạnh thực quản,0,
thoát vị hoành,CHẨN_ĐOÁN,0,K44.9,thoát vị hoành,0,
thuyên tắc mạch phổi,CHẨN_ĐOÁN,0,I26.9,thuyên tắc mạch phổi,0,
thuyên tắc tĩnh mạch sâu,CHẨN_ĐOÁN,0,I80.2,thuyên tắc tĩnh mạch sâu,0,
tiền sử lâu dài của tăng huyết áp,CHẨN_ĐOÁN,0,I10,tiền sử lâu dài của tăng huyết áp,0,
trào ngược dạ dày,CHẨN_ĐOÁN,0,K21.9,trào ngược dạ dày,0,
trào ngược dạ dày thực quản ngày càng tăng,CHẨN_ĐOÁN,0,K21.9,trào ngược dạ dày thực quản ngày càng tăng,0,
tách thành động mạch chủ,CHẨN_ĐOÁN,0,I71.0,tách thành động mạch chủ,0,
tâm thần phân liệt,CHẨN_ĐOÁN,0,F20.9,tâm thần phân liệt,0,
tăng calci máu,CHẨN_ĐOÁN,0,E83.5,tăng calci máu,0,
tăng huyết áp phổi,CHẨN_ĐOÁN,0,I27.2,tăng huyết áp phổi,0,
tăng áp động mạch phổi mức độ trung bình,CHẨN_ĐOÁN,0,I27.2,tăng áp động mạch phổi mức độ trung bình,0,
tắc mạch,CHẨN_ĐOÁN,0,I74.9,tắc mạch,0,
tắc mạch phổi,CHẨN_ĐOÁN,0,I26.9,tắc mạch phổi,0,
tổn thương dây thanh quản,CHẨN_ĐOÁN,0,J38.3,tổn thương dây thanh quản,0,
u cơ trơn,CHẨN_ĐOÁN,0,D25.9,u cơ trơn,0,
u cơ trơn tử cung,CHẨN_ĐOÁN,0,D25.9,u cơ trơn tử cung,0,
u lympho không hodgkin tế bàob lớn lan toả,CHẨN_ĐOÁN,0,C83.3,u lympho không hodgkin tế bàob lớn lan toả,0,
u nội tiết,CHẨN_ĐOÁN,0,C75.9,u nội tiết,0,
u xơ tử cung,CHẨN_ĐOÁN,0,D25.9,u xơ tử cung,0,
u ác của đại tràng,CHẨN_ĐOÁN,0,C18.9,u ác của đại tràng,0,
u ác của đầu tuỵ,CHẨN_ĐOÁN,0,C25.0,u ác của đầu tuỵ,0,
ung thư biểu mô tuyến giật nhú,CHẨN_ĐOÁN,0,C73,ung thư biểu mô tuyến giật nhú,0,
ung thư biểu mô tế bào thận,CHẨN_ĐOÁN,0,C64,ung thư biểu mô tế bào thận,0,
ung thư phổi,CHẨN_ĐOÁN,0,C34.9,ung thư phổi,0,
ung thư phổi không tế bào nhỏ,CHẨN_ĐOÁN,0,C34.9,ung thư phổi không tế bào nhỏ,0,
ung thư vú trái,CHẨN_ĐOÁN,0,C50.9,ung thư vú trái,0,
virus dại,CHẨN_ĐOÁN,0,A82.9,virus dại,0,
viêm gan,CHẨN_ĐOÁN,0,K75.9,viêm gan,0,
viêm gan virus b,CHẨN_ĐOÁN,0,B16.9,viêm gan virus b,0,
viêm gan virus c và b,CHẨN_ĐOÁN,0,B18.1|B18.2,viêm gan virus c và b,0,
viêm họng do liên cầu,CHẨN_ĐOÁN,0,J02.0,viêm họng do liên cầu,0,
viêm khớp nhiễm trùng,CHẨN_ĐOÁN,0,M00.9,viêm khớp nhiễm trùng,0,
viêm nội tâm mạc,CHẨN_ĐOÁN,0,I33.0,viêm nội tâm mạc,0,
viêm phổi mắc phải cộng đồng,CHẨN_ĐOÁN,0,J18.9,viêm phổi mắc phải cộng đồng,0,
viêm phổi thuỳ,CHẨN_ĐOÁN,0,J18.1,viêm phổi thuỳ,0,
viêm phổi thùy dưới trái,CHẨN_ĐOÁN,0,J18.1,viêm phổi thùy dưới trái,0,
viêm thần kinh ngoại biên,CHẨN_ĐOÁN,0,G62.9,viêm thần kinh ngoại biên,0,
viêm túi mật cấp tính không biến chứng,CHẨN_ĐOÁN,0,K81.0,viêm túi mật cấp tính không biến chứng,0,
viêm túi mật thủng cấp tính,CHẨN_ĐOÁN,0,K81.0,viêm túi mật thủng cấp tính,0,
xuất huyết dưới màng cứng,CHẨN_ĐOÁN,0,I62.0,xuất huyết dưới màng cứng,0,
xuất huyết nội sọ,CHẨN_ĐOÁN,0,I62.9,xuất huyết nội sọ,0,
xẹp phổi,CHẨN_ĐOÁN,0,J98.1,xẹp phổi,0,
đa u tuỷ xương,CHẨN_ĐOÁN,0,C90.0,đa u tuỷ xương,0,
đa u tủy xương,CHẨN_ĐOÁN,0,C90.0,đa u tủy xương,0,
đay,CHẨN_ĐOÁN,0,L50.9,đay,0,
đay vô,CHẨN_ĐOÁN,0,L50.1,đay vô,0,
đái tháo đường type 2,CHẨN_ĐOÁN,0,E11.9,đái tháo đường type 2,0,
đái tháo đường típ 1,CHẨN_ĐOÁN,0,E10.9,đái tháo đường típ 1,0,
động kinh,CHẨN_ĐOÁN,0,G40.9,động kinh,0,
đụng dập một vùng nhu mô phổi,CHẨN_ĐOÁN,0,S27.3,đụng dập một vùng nhu mô phổi,0,
gleevec,THUỐC,18,282388,gleevec,1,Các bệnh lý mạn tính - Bệnh bạch cầu dòng tủy mãn tính đang dùng gleevec - Tăng huyết áp || - ảo giác Thuốc trước khi nhập viện: gleevec (dừng theo chỉ dẫn sau xuất viện) 2.
corticoid,THUỐC,12,8640,corticoid,1,Tiền sử bệnh Các bệnh lý mãn tính - Bệnh phổi kẽ do sử dụng corticoid liều cao kéo dài. - Thở oxy tại nhà || -Corticoid liều cao kéo dài - Thở oxy tại nhà - Tăng liều bactrim (do bác sĩ chăm sóc chính kê đơn)
omeprazole,THUỐC,10,7646,omeprazole,1,"- nội soi (Viêm thực quản độ C, loét thực quản dưới 6 mm có điểm sắc tố, nhiều loét nông sạch đáy ở tá tràng và hồi tràng sớm) Thuốc trước khi nhập viện: omeprazole (vừa ngừng để làm test hơi thở h. pylori) || Diễn biến bệnh - Triệu chứng cách đây vài năm: tái phát buồn nôn và tiêu chảy, chẩn đoán hội chứng ruột kích thích, phát hiện loét tá tràng khi nội soi. - Trong năm nay: không thể giữ được bất cứ thứ gì, chẩn đoán viêm dạ dày ruột do virus."
allopurinol,THUỐC,8,519,allopurinol,1,"- gleevec (ngừng uống cách nhập viện 5 ngày) - allopurinol (ngừng uống cách nhập viện 5 ngày) - Thuốc giảm đau (ngừng) 2. || ường tiết niệu, vị trí không xác định và ngừng thuốc giảm đau. - Liều gleevec đã ngừng cách nhập viện 5 ngày. - allopurinol đã ngừng cách nhập viện 5 ngày. - Quan trọng nhất bạn vẫn nên đi tham khám bác sĩ để chụp các xét nghiệm câ"
tylenol,THUỐC,8,202433,tylenol,1,- gọi cho bác sĩ chăm sóc chính (PCP) - Bác sĩ PCP khuyên dùng tylenol cho đau - bệnh nhân dùng tylenol nhưng phải đến phòng cấp cứu vì đau vẫn tiếp tục || - Bác sĩ PCP khuyên dùng tylenol cho đau - bệnh nhân dùng tylenol nhưng phải đến phòng cấp cứu vì đau vẫn tiếp tục Triệu chứng hiện tại
carvedilol,THUỐC,6,20352,carvedilol,1,"Rosuvastatin (Crestor): đã hết thuốc khoảng 3 tuần trước nhập viện. Carvedilol: đã hết thuốc khoảng 3 tuần trước nhập viện. 2. || Bệnh sử hiện tại Lý do nhập viện: xét nghiệm bất thường - tăng kali máu và Creatinine tăng Các sự kiện trước khi nhập viện - Đi khám bác sĩ chăm sóc chính (PCP) để tái khám hàng năm - Báo cáo đang dùng 1 viên Torsemide/ ngày , đôi khi 2 viên - Bác sĩ đề nghị ngừng sử dụng torsemide lâu dài - Bệnh nhân không kiểm tra đường huyết thường xuyên tại nhà do hết que thử đường máu. - glucose là thấp, nên "
isosorbide,THUỐC,6,6057,isosorbide,1,"Insulin glargine: theo đơn 100 đơn vị x 2 lần/ngày, hiện đã ngừng sử dụng. Isosorbide: đã hết thuốc khoảng 3 tuần trước nhập viện. Rosuvastatin (Crestor): đã hết thuốc khoảng 3 tuần trước nhập viện. || Bệnh sử hiện tại Lý do nhập viện: xét nghiệm bất thường - tăng kali máu và Creatinine tăng Các sự kiện trước khi nhập viện - Đi khám bác sĩ chăm sóc chính (PCP) để tái khám hàng năm - Báo cáo đang dùng 1 viên Torsemide/ ngày , đôi khi 2 viên - Bác sĩ đề nghị ngừng sử dụng torsemide lâu dài - Bệnh nhân không kiểm tra đường huyết thường xuyên tại nhà do hết que thử đường máu. - glucose là thấp, nên "
prothrombin,THUỐC,6,,prothrombin,1,"Tiền sử bản thân: chưa bị vàng da, vàng mắt trước đó. Trước đó 3 tháng có cạo râu chung với người cùng đơn vị, uống rượu ít không thường xuyên Tiền sử gia đình: không ai bị nhiễm virus viêm gan B, C || Thời gian prothrombin (PT: Prothrombin Time), (Các tên khác: TQ; Tỷ lệ Prothrombin) bằng máy tự động,; Định lượng Troponin Ths ;Định lượng NT - proBNP ( ProBNP);"
suboxone,THUỐC,6,352990,suboxone,1,"- clonidine (mua trên đường phố) - suboxone (bắt đầu 3 tuần trước), không dùng đều 5-6 ngày, dừng thuốc trước nhập viện 01 ngày Các yếu tố nguy cơ liên quan || Theo lời kể bệnh nhân bị trầm cảm ngày càng nặng , vài tháng trước có các giai đoạn giống hưng cảm biểu hiện bằng tăng hoạt động và giảm nhu cầu ngủ 3-4 ngày, trong vài tuần nay và có ý định tự tử. Thuốc kê đơn không dùng đều đặn x5-6 ngày, bắt đầu dùng suboxone 3 tuần trước vì rẻ hơn, dừng dùng suboxone ngày hôm qua Triệu chứng khi vào viện"
torsemide,THUỐC,6,38413,Torsemide,1,"Hiện tại: Torsemide: uống 1 viên/ngày, đôi khi 2 viên/ngày. Insulin glargine: theo đơn 100 đơn vị x 2 lần/ngày, hiện đã ngừng sử dụng. || 2. Bệnh sử hiện tại Lý do nhập viện: xét nghiệm bất thường - tăng kali máu và Creatinine tăng Các sự kiện trước khi nhập viện - Đi khám bác sĩ chăm sóc chính (PCP) để tái khám hàng năm - Báo cáo đang dùng 1 viên Torsemide/ ngày , đôi khi 2 viên - Bác sĩ đề nghị ngừng sử dụng torsemide lâu dài - Bệnh nhân không kiểm tra đường huyết thường xuyên tại nhà do hết que thử đường máu. - glucose là thấp, n"
bactrim,THUỐC,5,151399,bactrim,1,"- Thở oxy tại nhà - Tăng liều bactrim (do bác sĩ chăm sóc chính kê đơn) - doxycycline (do bác sĩ chăm sóc chính kê đơn) - Suy giảm miễn dịch do sử dụng corticoid kéo dài 2. || - Được bác sĩ chăm sóc chính thay thế khám vào ngày, được tăng liều bactrim và doxycycline để điều trị chẩn đoán Viêm mô tế bào - Báo cáo có cải thiện một phần về ban đỏ - dịch tiết có vẻ như mủ từ một số tổn thương vào ngày, nhưng tình trạng này đã tự khỏi"
doxycycline,THUỐC,5,3640,doxycycline,1,- metoprolol 25mg po bid - doxycycline cho viêm tuyến mồ hôi - atenolol (uống hôm nay) || - Tăng liều bactrim (do bác sĩ chăm sóc chính kê đơn) - doxycycline (do bác sĩ chăm sóc chính kê đơn) - Suy giảm miễn dịch do sử dụng corticoid kéo dài 2. Tiền sử bệnh hiện tại
clonidine,THUỐC,4,2599,clonidine,1,"- Thuốc kê đơn (tên không được chỉ định) - klonopinclonidine (được kê đơn) - clonidine (mua trên đường phố) || - klonopinclonidine (được kê đơn) - clonidine (mua trên đường phố) - suboxone (bắt đầu 3 tuần trước), không dùng đều 5-6 ngày, dừng thuốc trước nhập viện 01 ngày"
crestor,THUỐC,4,320864,crestor,1,"Bệnh sử hiện tại Lý do nhập viện: xét nghiệm bất thường - tăng kali máu và Creatinine tăng Các sự kiện trước khi nhập viện - Đi khám bác sĩ chăm sóc chính (PCP) để tái khám hàng năm - Báo cáo đang dùng 1 viên Torsemide/ ngày , đôi khi 2 viên - Bác sĩ đề nghị ngừng sử dụng torsemide lâu dài - Bệnh nhân không kiểm tra đường huyết thường xuyên tại nhà do hết que thử đường máu. - glucose là thấp, nên  || 4. Hướng điều trị: - Các loại thuốc (isosorbide, crestor, carvedilol) đã hết khi đi khám PCP - Hết isosorbide, crestor, carvedilol khoảng 3 tuần trước - Các xét nghiệm xét nghiệm được kiểm tra bởi PCP: kali là 6.3 mẫu không tan máu - Được gọi điện bởi bác sĩ nội trú trực và được yêu cầu đến khoa Cấp cứu 3."
mucinex d,THUỐC,4,352051,mucinex d,1,"- mucinex d - thỉnh thoảng tiêu chảy các thuốc của ông ấy 2. || - Đi khám bác sĩ chăm sóc chính (PCP) vào buổi sáng ngày nhập viện - Bác sĩ PCP ghi nhận spo2 là 90-92% spo2 khi thở khí trời, 93% khi không dùng oxy - Bác sĩ PCP đã gửi bệnh nhân đến phòng cấp cứu"
coumadin,THUỐC,3,202421,coumadin,1,- Tiền sử phẫu thuật cắt bỏ đại tràng do Ung thư đại tràng - Tiền sử Thuyên tắc phổi đang dùng coumadin (tiền sử Thuyên tắc phổi đang dùng coumadin) Tiền sử phẫu thuật / thủ thuật: Cắt đại tràng nhiều năm trước || - Tiền sử Thuyên tắc phổi đang dùng coumadin (tiền sử Thuyên tắc phổi đang dùng coumadin) Tiền sử phẫu thuật / thủ thuật: Cắt đại tràng nhiều năm trước Thuốc trước khi nhập viện: coumadin
insulin,THUỐC,3,253182,insulin,1,"- Tiểu đường: Hôi miệng và chảy máu chân răng là dấu hiệu của bệnh tiểu đường. Nguyên nhân là do cơ thể sẽ giảm sản xuất insulin nên người bị tiểu đường suy yếu hệ miễn dịch, dễ gặp phải các vấn đề về răng miệng. Tình trạng khó đông máu khiến chân răng chảy máu kéo dài do nồng độ đường trong máu cao. || Tăng cường sản phẩm Folate, Vitamin C, các carotenoid, các chất chống oxy hóa Flavonoid. Các thủ thuật đã thực hiện - Được dùng insulin và dextrose cho tăng kali máu - iv lasix 40 mg once"
vancomycin,THUỐC,3,11124,vancomycin,1,Chẩn đoán: Phẫu thuật cắt cụt chân trái bên trên gối và cắt cụt chân phải bên dưới gối / biến chứng thuyên tắc phổi hai bên - nhiễm trùng chi dưới bên phải do Enterococcus kháng vancomycin Điều trị : Đã phẫu thuật cắt cụt chân trái trên gối và chân phải dưới gối. || Khám thấy bị tổn thương tổn thương chi dưới nghiêm trọng. Chẩn đoán: Phẫu thuật cắt cụt chân trái bên trên gối và cắt cụt chân phải bên dưới gối / biến chứng thuyên tắc phổi hai bên - nhiễm trùng chi dưới bên phải do Enterococcus kháng vancomycin Điều trị :
acetaminophen 500mg,THUỐC,2,,acetaminophen 500mg,1,"1. Tiền sử bệnh Các tập tương tự trước đây: Từng bị khó chịu tương tự trong quá khứ, luôn thuyên giảm khi dùng thuốc Thuốc trước khi nhập viện - Tự điều trị bằng liều cao acetaminophen 500mg, taking 10 pills at a time khi cơn đau dữ dội, thường 4 viên mỗi giờ - làm hỏng dạ dày của cô ấy bằng cách uống 2 chai thuốc an thần trong quá khứ 2. || 2. Bệnh sử hiện tại Lý do nhập viện: đau bụng ngày càng nặng Thời điểm khởi phát triệu chứng - Tiền sử 2 ngày đau bụng ngày càng nặng - Tiền sử 2 tháng đau bụng liên tục Diễn biến bệnh - Tiền sử 2 tháng đau bụng liên tục - 2 ngày trước khi nhập viện, đau bụng trở nên tồi tệ hơn - Diễn biến trong viện: tăng men gan bắt đầu có xu hướng giảm mặc dù tổng bilirubin bắt đầu tăng lên đạt đỉnh 6.7 vào Các"
alverin citrate 40mg,THUỐC,2,,Alverin citrate 40mg,1,"Trả lời : Chào em, Thành phần 3 loại thuốc em sử dụng như sau: Aquima: nhôm hydroxid, magie hydroxid và **********. Simenic: Alverin citrate 40mg và Simethicon 100mg Pimperam: metoclopramide 10mg Thông tin về độ an toàn khi sử dụng các loại thuốc trên ở phụ nữ mang thai như sau: Nhôm hydroxid và magie hydroxid có thể sử dụng được cho phụ nữ mang thai để điều trị triệu chứng ợ nóng hoặc trào ngược "
aspirin 325mg,THUỐC,2,,aspirin 325mg,1,- được cho albuterolipratropium nebulizer - được cho methylprednisolone 125mg iv - lợi tiểu 600cc
azithromycin,THUỐC,2,18631,azithromycin,1,"- Tự điều trị bằng tylenol và mucinex d - Đi khám bác sĩ chăm sóc chính (PCP) vào buổi sáng ngày nhập viện - Bác sĩ PCP ghi nhận spo2 là 90-92% spo2 khi thở khí trời, 93% khi không dùng oxy"
corticosteroid,THUỐC,2,8640,Corticosteroid,1,Tiêm nhắc lại sau mỗi 4-6 tuần. Corticosteroid bôi tại chỗ thường được chỉ định cho trẻ em. Các thuốc hay dùng là kem *************************** hai lần một ngày hoặc ************************************ (corticoid mức độ mạnh).
cotrimoxazol,THUỐC,2,151399,cotrimoxazol,1,"- Cách nhập viện 5 ngày, bệnh nhân phát hiện một tổn thương đơn độc vùng âm hộ phải. Sau đó được bác sĩ điều trị khám và tăng liều cotrimoxazol, đồng thời bổ sung doxycyclin do nghi ngờ viêm mô tế bào. Bệnh nhân thấy ban đỏ quanh tổn thương giảm sau điều trị"
dextrose,THUỐC,2,4850,dextrose,1,"Tăng cường sản phẩm Folate, Vitamin C, các carotenoid, các chất chống oxy hóa Flavonoid. Các thủ thuật đã thực hiện - Được dùng insulin và dextrose cho tăng kali máu - iv lasix 40 mg once || Tăng gánh nhẹ tuần hoàn phổi, tràn dịch màng phổi hai bên nhẹ, tim to Các thủ thuật đã thực hiện - Được dùng insulin và dextrose cho tăng kali máu - iv lasix 40 mg once"
furosemide,THUỐC,2,4603,furosemide,1,2. Tiền sử bệnh hiện tại Lý do nhập viện: khó thở
glargine,THUỐC,2,274783,glargine,1,"Bệnh sử hiện tại Lý do nhập viện: xét nghiệm bất thường - tăng kali máu và Creatinine tăng Các sự kiện trước khi nhập viện - Đi khám bác sĩ chăm sóc chính (PCP) để tái khám hàng năm - Báo cáo đang dùng 1 viên Torsemide/ ngày , đôi khi 2 viên - Bác sĩ đề nghị ngừng sử dụng torsemide lâu dài - Bệnh nhân không kiểm tra đường huyết thường xuyên tại nhà do hết que thử đường máu. - glucose là thấp, nên "
insulin glargine,THUỐC,2,274783,Insulin glargine,1,"Torsemide: uống 1 viên/ngày, đôi khi 2 viên/ngày. Insulin glargine: theo đơn 100 đơn vị x 2 lần/ngày, hiện đã ngừng sử dụng. Isosorbide: đã hết thuốc khoảng 3 tuần trước nhập viện."
klonopin,THUỐC,2,202585,klonopin,1,- Thuốc kê đơn (tên không được chỉ định) - klonopinclonidine (được kê đơn) - clonidine (mua trên đường phố)
lasix 40 mg once,THUỐC,2,313988,lasix 40 mg once,1,"Tăng cường sản phẩm Folate, Vitamin C, các carotenoid, các chất chống oxy hóa Flavonoid. Các thủ thuật đã thực hiện - Được dùng insulin và dextrose cho tăng kali máu - iv lasix 40 mg once || àn dịch màng phổi hai bên nhẹ, tim to Các thủ thuật đã thực hiện - Được dùng insulin và dextrose cho tăng kali máu - iv lasix 40 mg once"
levothyroxine,THUỐC,2,10582,levothyroxine,1,"- Phát triển đau bụng và nôn ra máu trở nên tồi tệ hơn (khi ngừng omeprazole) Chào bạn, bạn mắc ung thư tuyến giáp và chắc đã phẫu thuật, hiện bác sĩ đang kê đơn cho bạn uống levothyroxine với liều 75 microgam/ngày (lưu ý: một viên thuốc Berlthyrox có hàm lượng là 100 microgam chứ không phải 100 miligam như bạn đã nói), là hormone tuyến giáp tổng hợp, nhằm bù lại lượng hormone giáp cơ thể không th || Chào bạn, bạn mắc ung thư tuyến giáp và chắc đã phẫu thuật, hiện bác sĩ đang kê đơn cho bạn uống levothyroxine với liều 75 microgam/ngày (lưu ý: một viên thuốc Berlthyrox có hàm lượng là 100 microgam chứ không phải 100 miligam như bạn đã nói), là hormone tuyến giáp tổng hợp, nhằm bù lại lượng hormone giáp cơ thể không thể sản sinh ra để duy trì trạng thái sinh lý cân bằng của chức năng tuyến giáp "
methylprednisolone 125mg iv,THUỐC,2,,methylprednisolone 125mg iv,1,hé. Cảm ơn bạn đã gửi câu hỏi. - được cho aspirin 325mg - được cho albuterolipratropium nebulizer - được cho methylprednisolone 125mg iv - lợi tiểu 600cc || c độ nghiêm trọng của vết cắn - được cho aspirin 325mg - được cho albuterolipratropium nebulizer - được cho methylprednisolone 125mg iv - lợi tiểu 600cc
metoclopramide 10mg,THUỐC,2,,metoclopramide 10mg,1,"Trả lời : Chào em, Thành phần 3 loại thuốc em sử dụng như sau: Aquima: nhôm hydroxid, magie hydroxid và **********. Simenic: Alverin citrate 40mg và Simethicon 100mg Pimperam: metoclopramide 10mg Thông tin về độ an toàn khi sử dụng các loại thuốc trên ở phụ nữ mang thai như sau: Nhôm hydroxid và magie hydroxid có thể sử dụng được cho phụ nữ mang thai để điều trị triệu chứng ợ nóng hoặc trào ngược "
metoprolol,THUỐC,2,6918,metoprolol,1,3. Đánh giá tại bệnh viện Các thủ thuật đã thực hiện - Nhận 2 sl ntg - Nhận asa - Nhận 80mg lasix iv - Nhận 8mg morphine - Nhận 1mg dilaudid - Được cho po metoprolol - Được cho 10mg iv diltiazem Các phát hiện chẩn đoán khác - Với ntg khó thở cải thiện nhưng đau ngực vẫn còn - Với ntg khó thở cải thiện nhưng đau ngực vẫn còn - nhịp tim cải thiện thành || ng thận nhiều. Bạn nên đưa chồng tới bệnh viện khám và tiến hành phẫu thuật. - hr cải thiện lên mức 110 sau khi dùng metoprolol - Bệnh nhân cho biết cảm thấy khỏe khi đến phòng khám
metoprolol 25mg po bid,THUỐC,2,,metoprolol 25mg po bid,1,"Thuốc trước khi nhập viện - metoprolol 25mg po bid - doxycycline cho viêm tuyến mồ hôi || - Ở nhà bệnh nhân đã sử dụng atenololtrong ngày - Lên lịch tái khám với bác sĩ tim mạch và được chỉ định siêu âm tim qua thành ngực vào tuần tới - Ngày hôm nay khoảng Lúc 17 giờ, khi đang mang đồ tạp hóa ra xe, xuất hiện cảm giác thắt chặt ngực vùng trước tim, tăng đánh trống ngực, và khó thở kéo dài 20 giây"
morphine,THUỐC,2,7052,morphine,1,- compazine và alevenhưng vẫn còn đau - Uống morphineoral và lorazepam đỡ đau (có thể ngủ 3. || 3. Đánh giá tại bệnh viện Các thủ thuật đã thực hiện - Nhận 2 sl ntg - Nhận asa - Nhận 80mg lasix iv - Nhận 8mg morphine - Nhận 1mg dilaudid - Được cho po metoprolol - Được cho 10mg iv diltiazem Các phát hiện chẩn đoán khác - Với ntg khó thở cải thiện nhưng đau ngực vẫn còn - Với ntg khó thở cải thiện nhưng đau ngực vẫn còn - nhịp tim cải thiện thành
pimperam,THUỐC,2,,Pimperam,1,"Trả lời : Chào em, Thành phần 3 loại thuốc em sử dụng như sau: Aquima: nhôm hydroxid, magie hydroxid và **********. Simenic: Alverin citrate 40mg và Simethicon 100mg Pimperam: metoclopramide 10mg Thông tin về độ an toàn khi sử dụng các loại thuốc trên ở phụ nữ mang thai như sau: Nhôm hydroxid và magie hydroxid có thể sử dụng được cho phụ nữ mang thai để điều trị triệu chứng ợ nóng hoặc trào ngược "
simenic,THUỐC,2,9796,Simenic,1,"Trả lời : Chào em, Thành phần 3 loại thuốc em sử dụng như sau: Aquima: nhôm hydroxid, magie hydroxid và **********. Simenic: Alverin citrate 40mg và Simethicon 100mg Pimperam: metoclopramide 10mg Thông tin về độ an toàn khi sử dụng các loại thuốc trên ở phụ nữ mang thai như sau: Nhôm hydroxid và magie hydroxid có thể sử dụng được cho phụ nữ mang thai để điều trị triệu chứng ợ nóng hoặc trào ngược "
simethicon 100mg,THUỐC,2,,Simethicon 100mg,1,"Trả lời : Chào em, Thành phần 3 loại thuốc em sử dụng như sau: Aquima: nhôm hydroxid, magie hydroxid và **********. Simenic: Alverin citrate 40mg và Simethicon 100mg Pimperam: metoclopramide 10mg Thông tin về độ an toàn khi sử dụng các loại thuốc trên ở phụ nữ mang thai như sau: Nhôm hydroxid và magie hydroxid có thể sử dụng được cho phụ nữ mang thai để điều trị triệu chứng ợ nóng hoặc trào ngược "
trichophyton rubrum,THUỐC,2,,Trichophyton rubrum,1,Chào bạn! Nấm bẹn là một dạng nhiễm nấm thường là do Trichophyton rubrum hoặc là T. mentagrophytes.
vastarel,THUỐC,2,10826,Vastarel,1,"Câu hỏi của người dùng gửi đến hệ thống Chào Bác sĩ, mẹ em bị bệnh động mạch vành đã nhiều năm. Đi khám bệnh Bác sĩ kê cho thuốc Vastarel và *********. Tuy nhiên sau nhiều năm sử dụng thuốc thì mẹ em bị run tay và mẹ em đã ngừng sử dụng thuốc Vastarel || Đi khám bệnh Bác sĩ kê cho thuốc Vastarel và *********. Tuy nhiên sau nhiều năm sử dụng thuốc thì mẹ em bị run tay và mẹ em đã ngừng sử dụng thuốc Vastarel Các bệnh lý mạn tính"
1000ml,THUỐC,1,,1000ml,1,"Glucose 5% x 1000ml truyền tĩnh mạch L giọt/phút, dùng đến khi nước tiểu 1500ml/ngày, nước tiểu trong Philpovin 5g x 2 ống, pha vào **********, truyền tĩnh mạch L giọt/phút, dùng đến khi ALT, AST trở về bình thường Fortex 25mg x 4 viên, sáng 2 viên, chiều 2v sau ăn, dùng đến khi ALT, AST trở về bình thường"
acetaminophen,THUỐC,1,161,acetaminophen,1,"- Tại bệnh viện OSH, phát hiện tăng men gan với tăng bilirubin máu: ast 421, alt 336, alp 185, bilirubin toàn phần 0.9 - âm tính siêu âm bụng có doppler - âm tính chụp hida - Chưa từng xét nghiệm nồng độ acetaminophen - Chưa từng dùng nac - Chuyển tạm thời để thực hiện ercp - ercp cho thấy túi mật giãn nở rõ rệt nhưng không có sỏi hoặc bệnh lý khác - Chuyển lại bệnh viện OSH và được cho là đã tống"
albuterol,THUỐC,1,435,Albuterol,1,"- Ceftriaxone 1 gram dùng 1 liều - Uống Tylenol 1 gram, 1 liều duy nhất. - cấy máu 2 mẫu và cấy nước tiểu đã được gửi."
aspirin,THUỐC,1,1191,aspirin,1,"Bạn vẫn nên đi khám sớm nhất có thể và liệt kê các triệu chứng này với Bác sĩ chuyên khoa. Bác sĩ sẽ so sánh nguy cơ, lợi ích của việc tiếp tục sử dụng aspirin và cho bạn chỉ định tiếp tục hay ngưng dùng thuốc. 2."
aspirin 325mg x 1,THUỐC,1,,aspirin 325mg x 1,1,- chụp x-quang ngực không ghi nhận gì bất thường - phân tích nước tiểu không ghi nhận gì bất thường - ecg bình thường
atenolol,THUỐC,1,1202,atenolol,1,- doxycycline cho viêm tuyến mồ hôi - atenolol (uống hôm nay) Các yếu tố nguy cơ liên quan
atenololt,THUỐC,1,,atenololt,1,"- Ở nhà bệnh nhân đã sử dụng atenololtrong ngày - Lên lịch tái khám với bác sĩ tim mạch và được chỉ định siêu âm tim qua thành ngực vào tuần tới - Ngày hôm nay khoảng Lúc 17 giờ, khi đang mang đồ tạp hóa ra xe, xuất hiện cảm giác thắt chặt ngực vùng trước tim, tăng đánh trống ngực, và khó thở kéo dài 20 giây"
augmentin,THUỐC,1,19711,Augmentin,1,"Nếu được bạn có thể cung cấp cho chúng tôi chi tiết thuốc của Bé để có thể tư vấn kỹ hơn. Dùng Augmentin nhiều lần không ảnh hưởng gì nghiêm trọng, ngoại trừ: thuốc gây tiêu chảy, nên làm giảm hấp thu dinh dưỡng của trẻ (cần bổ sung men tiêu hóa cho Bé), và dùng kéo dài 1 kháng sinh có thể gây phát triển vi khuẩn đề kháng thuốc (vi khuẩn lờn thuốc), sau này sẽ khó để điều trị bệnh nhiễm trùng ở tr"
augmentin (amoxicillin/acid clavulanic,THUỐC,1,,Augmentin (amoxicillin/acid clavulanic,1,"Lúc vào viện khám Bệnh nhân tỉnh - mệt mỏi - Khó thở tăng khi vận động gắng sức - Đi lại khó khăn, cần dùng gậy hỗ trợ đi lại - Đau hai bàn chân do bệnh lý thần kinh ngoại biên Cận lâm sàng: Kết quả chẩn đoán hình ảnh - Đo sức bền cơ tim bằng đồng vị phóng xạ kết quả có dị tật cố định vùng trước vách và vách dưới với giảm chức năng tâm thu thất trái nghiêm trọng kèm theo rối loạn chức năng thất tr"
augmentin đường uống,THUỐC,1,151392,Augmentin đường uống,1,- Điều trị bằng kháng sinh tĩnh mạch trong thời gian nằm viện - Ra viện với đơn Augmentin đường uống trong 10 ngày - Tình trạng ổn định ở nhà cho đến đêm trước khi nhập viện 3.
bacillus clausii 2 tỷ bào tử/5ml,THUỐC,1,,Bacillus clausii 2 tỷ bào tử/5ml,1,"Vì vậy, bạn có thể gặp bác sĩ dinh dưỡng để đổi sang một loại sữa công thức khác phù hợp hơn cho bé. Về men tiêu hóa hỗ trợ ở độ tuổi của bé có thể dùng men Bacillus clausii 2 tỷ bào tử/5ml/ ống uống 1-2 ống/ ngày (biệt dược là Enterogermina, Biogermin). - Liều gleevec đã ngừng cách nhập viện 5 ngày"
berlthyrox,THUỐC,1,10582,Berlthyrox,1,"- Phát triển đau bụng và nôn ra máu trở nên tồi tệ hơn (khi ngừng omeprazole) Chào bạn, bạn mắc ung thư tuyến giáp và chắc đã phẫu thuật, hiện bác sĩ đang kê đơn cho bạn uống levothyroxine với liều 75 microgam/ngày (lưu ý: một viên thuốc Berlthyrox có hàm lượng là 100 microgam chứ không phải 100 miligam như bạn đã nói), là hormone tuyến giáp tổng hợp, nhằm bù lại lượng hormone giáp cơ thể không th"
biogermin,THUỐC,1,2600050,Biogermin,1,- Liều gleevec đã ngừng cách nhập viện 5 ngày - allopurinol đã ngừng cách nhập viện 5 ngày Tình trạng ngay trước khi nhập viện: ảo giác khoảng mỗi đêm lúc 2 giờ sáng 3.
bumetanide 2mg iv,THUỐC,1,,bumetanide 2mg iv,1,Các thuốc đã thực hiện - được cho bumetanide 2mg iv - được cho vancomycin 1 gram
cefepim,THUỐC,1,20481,Cefepim,1,"Tăng sản tuyến bã nhờn - Xquang ngực thẳng: không thấy thâm nhiễm Thủ thuật: - svo2 là 82 Đặt ống thông tĩnh mạch trung tâm : đo cvp là 6 Chẩn đoán: nhiễm trùng huyết đường vào tiết niệu- viêm tủy xương mãn tính, Điều trị: - Truyền dịch : 4000 ml NS 0.9 % - Kháng sinh Cefepim và Vancomycin truyền tĩnh mạch ."
ceftriaxone 1 gram,THUỐC,1,2193,Ceftriaxone 1 gram,1,"- Uống Tylenol 1 gram, 1 liều duy nhất. - cấy máu 2 mẫu và cấy nước tiểu đã được gửi."
ceftriaxone 1g,THUỐC,1,,Ceftriaxone 1g,1,"Chẩn đoán hình ảnh (Ngày 03/07/2026) Chụp CT Bụng - Tiểu khung (64–128 dãy, có thuốc cản quang, không in phim):Kết quả: Hình ảnh dày thành một số quai ruột non.2. Y lệnh Điều trị Ceftriaxone 1g :Liều dùng: 2 lọ / ngày.Đường dùng: Truyền tĩnh mạch (sáng), tốc độ 30 giọt/phút."
cephalexin,THUỐC,1,2231,cephalexin,1,- được cho về vớ đơn thuốci levafloxacin và cephalexin - tái khám với triệu chứng xuất hiện ban đỏ lan rộng kèm theo chóng mặt - được chuyển đến Khoa Cấp cứu
coumadin 3.0 mg,THUỐC,1,855318,coumadin 3.0 mg,1,- ghép thận thất bại Thuốc trước khi nhập viện: coumadin 3.0 mg /ngày 2.
dilaudid,THUỐC,1,224913,dilaudid,1,3. Đánh giá tại bệnh viện Các thủ thuật đã thực hiện - Nhận 2 sl ntg - Nhận asa - Nhận 80mg lasix iv - Nhận 8mg morphine - Nhận 1mg dilaudid - Được cho po metoprolol - Được cho 10mg iv diltiazem Các phát hiện chẩn đoán khác - Với ntg khó thở cải thiện nhưng đau ngực vẫn còn - Với ntg khó thở cải thiện nhưng đau ngực vẫn còn - nhịp tim cải thiện thành
diltiazem,THUỐC,1,3443,diltiazem,1,3. Đánh giá tại bệnh viện Các thủ thuật đã thực hiện - Nhận 2 sl ntg - Nhận asa - Nhận 80mg lasix iv - Nhận 8mg morphine - Nhận 1mg dilaudid - Được cho po metoprolol - Được cho 10mg iv diltiazem Các phát hiện chẩn đoán khác - Với ntg khó thở cải thiện nhưng đau ngực vẫn còn - Với ntg khó thở cải thiện nhưng đau ngực vẫn còn - nhịp tim cải thiện thành
eliquis,THUỐC,1,1364430,eliquis,1,Thuốc trước khi nhập viện: đang dùng eliquis (cho rung nhĩ) 2. Tiền sử bệnh hiện tại Lý do nhập viện: sốt và đau bụng
enterogermina,THUỐC,1,2600050,Enterogermina,1,"tiêu hóa hỗ trợ ở độ tuổi của bé có thể dùng men Bacillus clausii 2 tỷ bào tử/5ml/ ống uống 1-2 ống/ ngày (biệt dược là Enterogermina, Biogermin). - Liều gleevec đã ngừng cách nhập viện 5 ngày - allopurinol đã ngừng cách nhập viện 5 ngày Tình"
furosemid 40 mg,THUỐC,1,315971,Furosemid 40 mg,1,Tiền sử bệnh hiện tại Lý do nhập viện: FNA của một nốt sần tuyến giáp phải có cấu trúc vi nang Triệu chứng hiện tại: đau vùng hạ sườn phải
glucose 5%,THUỐC,1,,Glucose 5%,1,"Glucose 5% x 1000ml truyền tĩnh mạch L giọt/phút, dùng đến khi nước tiểu 1500ml/ngày, nước tiểu trong Philpovin 5g x 2 ống, pha vào **********, truyền tĩnh mạch L giọt/phút, dùng đến khi ALT, AST trở về bình thường Fortex 25mg x 4 viên, sáng 2 viên, chiều 2v sau ăn, dùng đến khi ALT, AST trở về bình thường"
implanon,THUỐC,1,,Implanon,1,"- Chi phí cho một lần cấy que là bao nhiêu? - Với phương pháp cấy Implanon, thời gian ngừa là 3 năm, sau 3 năm tôi phải thực hiện lấy que cũ ra và cấy que mới vào nếu vẫn muốn tiếp tục ngừa thai hay như thế nào? - Sau khi cấy que, có những tác dụng phụ nào đáng kể cần lưu ý?"
ipratropium 1 lần,THUỐC,1,7213,Ipratropium 1 lần,1,"- Ceftriaxone 1 gram dùng 1 liều - Uống Tylenol 1 gram, 1 liều duy nhất. - cấy máu 2 mẫu và cấy nước tiểu đã được gửi."
lasix,THUỐC,1,202991,lasix,1,Cháu cảm ơn các bác sĩ ạ. - mệt mỏi và weak - Thường xuyên ngủ quên hoặc có thể ngất xỉu - giảm khả năng quan hệ tình dục với bạn tình - Đau buốt khi đi tiểu - chán ăn - nôn từng đợt sau khi ăn Đặc điểm triệu chứng - đau ngực: - xảy ra khoảng trước khi nhập viện khi bệnh nhân đang nằm - nhói - bên trái - lan xuống cánh tay trái - kèm theo tê bì ở cánh tay trái trên và đau ở cánh tay trái dưới và b
lasix iv,THUỐC,1,202991,lasix iv,1,3. Đánh giá tại bệnh viện Các thủ thuật đã thực hiện - Nhận 2 sl ntg - Nhận asa - Nhận 80mg lasix iv - Nhận 8mg morphine - Nhận 1mg dilaudid - Được cho po metoprolol - Được cho 10mg iv diltiazem Các phát hiện chẩn đoán khác - Với ntg khó thở cải thiện nhưng đau ngực vẫn còn - Với ntg khó thở cải thiện nhưng đau ngực vẫn còn - nhịp tim cải thiện thành
levafloxacin,THUỐC,1,82122,levafloxacin,1,- được cho về vớ đơn thuốci levafloxacin và cephalexin - tái khám với triệu chứng xuất hiện ban đỏ lan rộng kèm theo chóng mặt - được chuyển đến Khoa Cấp cứu
levofloxacin 750mg iv,THUỐC,1,,levofloxacin 750mg iv,1,"- được cho vancomycin 1 gram - được cho levofloxacin 750mg iv Số lượng vi rút dại xâm nhập vào Tình trạng miễn dịch của bệnh nhân Vùng bị cắn - vết thương ở đầu và cổ, cũng như những vết thương ở các khu vực đầu mút thần kinh như ngón tay, thường có thời gian ủ bệnh ngắn hơn do khoảng cách gần hơn cho vi rút xâm nhập vào mô thần kinh. Trường hợp của bạn nên đi đến các trung tâm tiêm chủng g"
lorazepam,THUỐC,1,6470,lorazepam,1,- compazine và alevenhưng vẫn còn đau - Uống morphineoral và lorazepam đỡ đau (có thể ngủ 3.
medrol 16mg x 3 viên,THUỐC,1,,Medrol 16mg x 3 viên,1,"3. Furosemid 40 mg x 1 viên, uống sáng. 2."
methadone,THUỐC,1,6813,methadone,1,Các bệnh mãn tính: Không có tiền sử bệnh tim mạch hoặc thận bệnh nào được biết đến Thuốc trước khi nhập viện lần này: đang dùng methadone 2.
metoclopramide,THUỐC,1,6915,metoclopramide,1,"- Được chuyển đến Khoa Cấp cứu để khám và điều trị tiếp Theo thông tin hướng dẫn sử dụng của sản phẩm *******, phụ nữ có thai chỉ được sử dụng khi có chỉ định của bác sĩ. Theo thông tin hướng dẫn sử của sản phẩm Pimperan, nhiều dữ liệu trên đối tượng phụ nữ có thai cho thấy metoclopramide không gây quái thai hoặc gây độc tính cho thai nhi nên có thể dùng trong thai kỳ nếu cần thiết, tuy nhiên nên "
nitralmyl lâu dài,THUỐC,1,,Nitralmyl lâu dài,1,Em muốn hỏi có phải run tay là phản ứng phụ của thuốc không và mẹ em nên làm gì để cải thiện tình trạng này. Ngoài ra việc sử dụng Nitralmyl lâu dài có gây ảnh hưởng xấu gì không ạ? Em xin cảm ơn Bác sĩ.
nitramyl,THUỐC,1,4917,Nitramyl,1,"Hiện nay có nhiều thuốc đã được chứng minh hiệu quả hơn và an toàn hơn, ít tác dụng phụ hơn Nitramyl. Vì vậy bạn có thể đưa Mẹ bạn đến khám 1 bác sĩ chuyên khoa tim mạch để chỉ định thuốc phù hợp. Cám ơn bạn đã tham gia chương trình."
"nitramyl 2,5 mg/viên",THUỐC,1,,"Nitramyl 2,5 mg/viên",1,"Chờ đến sau 4 tháng nếu không đỡ hiện tượng run tay thì nên đi khám bác sĩ nội thần kinh để xác định nguyên nhân. Đối với thuốc Nitramyl 2,5 mg/viên (nitroglycerin) thì tác dụng chủ yếu của thuốc là làm giãn mạch vành, gây tăng tưới máu cho cơ tim, dùng để ngừa cơn đau thắt ngực trong bệnh mạch vành."
nitroglycerin,THUỐC,1,4917,nitroglycerin,1,"Đau thắt ngực (triệu chứng điển hình) Vị trí: sau xương ức Tính chất: đè nặng, bóp nghẹt, thắt chặt Lan: vai trái – cánh tay trái – cổ – hàm dưới Thời gian: vài phút Giảm khi nghỉ hoặc dùng nitroglycerin Các thể lâm sàng Đau thắt ngực ổn định"
nitroglycerin),THUỐC,1,,nitroglycerin),1,"Chờ đến sau 4 tháng nếu không đỡ hiện tượng run tay thì nên đi khám bác sĩ nội thần kinh để xác định nguyên nhân. Đối với thuốc Nitramyl 2,5 mg/viên (nitroglycerin) thì tác dụng chủ yếu của thuốc là làm giãn mạch vành, gây tăng tưới máu cho cơ tim, dùng để ngừa cơn đau thắt ngực trong bệnh mạch vành."
omez 20mg x 1 viên,THUỐC,1,,Omez 20mg x 1 viên,1,Tiền sử bệnh hiện tại Lý do nhập viện: FNA của một nốt sần tuyến giáp phải có cấu trúc vi nang Triệu chứng hiện tại: đau vùng hạ sườn phải
paracetamol,THUỐC,1,,paracetamol,1,"Hội chứng nhiễm trùng nhiễm độc: Khởi phát từ từ sốt nhẹ (37^∘ 8), sốt nóng liên tục có gai rét, không có cơn rét run, dùng 1 viên paracetamol viên sủi, không thấy đỡ, sau 3 ngày bệnh nhân hết sốt thì xuất hiện vàng da, vàng niêm mạc. Kèm theo sốt bn mệt mỏi nhiều chỉ muốn nằm nghỉ."
pimperan,THUỐC,1,6915,Pimperan,1,"- Được chuyển đến Khoa Cấp cứu để khám và điều trị tiếp Theo thông tin hướng dẫn sử dụng của sản phẩm *******, phụ nữ có thai chỉ được sử dụng khi có chỉ định của bác sĩ. Theo thông tin hướng dẫn sử của sản phẩm Pimperan, nhiều dữ liệu trên đối tượng phụ nữ có thai cho thấy metoclopramide không gây quái thai hoặc gây độc tính cho thai nhi nên có thể dùng trong thai kỳ nếu cần thiết, tuy nhiên nên "
rosuvastatin (crestor),THUỐC,1,301542,Rosuvastatin (Crestor),1,Isosorbide: đã hết thuốc khoảng 3 tuần trước nhập viện. Rosuvastatin (Crestor): đã hết thuốc khoảng 3 tuần trước nhập viện. Carvedilol: đã hết thuốc khoảng 3 tuần trước nhập viện.
rosuvastatin (crestor):,THUỐC,1,,Rosuvastatin (Crestor):,1,Isosorbide: đã hết thuốc khoảng 3 tuần trước nhập viện. Rosuvastatin (Crestor): đã hết thuốc khoảng 3 tuần trước nhập viện. Carvedilol: đã hết thuốc khoảng 3 tuần trước nhập viện.
seroquel,THUỐC,1,83553,seroquel,1,"- hội chứng nghiện rượu Thuốc trước khi nhập viện lần này: seroquel (ngụ ý, vì bệnh nhân cho rằng lú lẫn, chóng mặt, khó nhìn gần có thể liên quan đến thuốc) Các yếu tố nguy cơ liên quan: hội chứng nghiện rượu"
tretinoin,THUỐC,1,,Tretinoin,1,"Trứng cá bắt nguồn từ bốn yếu tố chính: - Tăng sản tuyến bã nhờn - Sừng hóa nang lông bất thường - Vi khuẩn C. acne - Viêm tại chỗ 3.Điều trị - Nhân mụn: Tretinoin tại chỗ - Trứng cá viêm nhẹ: ******** tại chỗ đơn độc hoặc phối hợp với kháng sinh tại chỗ, ****************, hoặc cả hai Lý do nhập viện: đau ngực trái cấp tính và đau sau xương ức lan ra sau lưng"
trimetazidine,THUỐC,1,10826,trimetazidine,1,"Như vậy Mẹ của bạn đã bắt đầu bị run tay, đó có thể do tác dụng phụ của thuốc. Nhưng theo nhiều nghiên cứu thì tác dụng phụ của thuốc trimetazidine sẽ mất đi sau khi ngừng thuốc khoảng 4 tháng, bệnh nhân sẽ trở về bình thường. Như vậy, bạn cần theo dõi là Mẹ bạn đã ngừng thuốc được bao lâu rồi?"
tylenol 1 gram,THUỐC,1,430837,Tylenol 1 gram,1,"uốc và thủ thuật - Khí dung phối hợp Albuterol và Ipratropium 1 lần - Ceftriaxone 1 gram dùng 1 liều - Uống Tylenol 1 gram, 1 liều duy nhất. - cấy máu 2 mẫu và cấy nước tiểu đã được gửi."
vancomycin 1 gram,THUỐC,1,11124,vancomycin 1 gram,1,"- được cho bumetanide 2mg iv - được cho vancomycin 1 gram - được cho levofloxacin 750mg iv Số lượng vi rút dại xâm nhập vào Tình trạng miễn dịch của bệnh nhân Vùng bị cắn - vết thương ở đầu và cổ, cũng như những vết thương ở các khu vực đầu mút thần kinh như ngón tay, thường có thời gian ủ bệnh ngắn hơn do khoảng cách gần hơn cho vi rút xâm nhập vào mô thần kinh."
vastarel (trimetazidin),THUỐC,1,,Vastarel (trimetazidin),1,"Em xin cảm ơn Bác sĩ. Câu trả lời của bác sĩ: Chào bạn, kể từ tháng 6/2012 thuốcVastarel (trimetazidin) đã được cảnh báo ở Pháp, và sau đó là ở Châu Âu và trên toàn thế giới về việc lưu ý tác dụng bất lợi của thuốc này là lớn hơn lợi ích của thuốc: như làm nặng hơn hội chứng Parkinson, gây run tay chân, mất thăng bằng khi đi hoặc run rấy toàn thân. Chính vì vậy mà thuốc bị giới hạn chỉ định ""điều "
zestril 10mg x 1 viên,THUỐC,1,,Zestril 10mg x 1 viên,1,"riệu chứng hiện tại: đau vùng hạ sườn phải Các sự kiện trước khi nhập viện - siêu âm cho thấy sỏi mật 5. Zestril 10mg x 1 viên, uống sáng."
zosyn,THUỐC,1,203167,zosyn,1,Bệnh sử hiện tại Lý do nhập viện: sốt cao Cách ngày vào viện 2 tuần bệnh nhân đã vào viện vì hạ huyết áp và được chẩn đoán nhiễm trùng huyết điều trị bằng kháng sinh vancozosynbactrim điều trị bệnh viêm tuỷ xương. Sau đó dùng zosyn 8 ngày và dừng tất cả kháng sinh để điều trị viêm tủy xương mãn tính tại khoa Hồi sức tích cực. Ra viện và tái khám không sử dụng thuốc kháng sinh vì khám lâm sàng ổn
acetaminophen 500 mg,THUỐC,0,198440,acetaminophen 500 mg,0,
acetylcysteine,THUỐC,0,197,acetylcysteine,0,
advil,THUỐC,0,153010,advil,0,
albuterol 2 lần,THUỐC,0,435,albuterol 2 lần,0,
albuterol nebs q 4 h tại nhà,THUỐC,0,435,albuterol nebs q 4 h tại nhà,0,
alverin,THUỐC,0,17627,alverin,0,
alverin citrate,THUỐC,0,17627,alverin citrate,0,
alverin citrate 40 mg,THUỐC,0,17627,alverin citrate 40 mg,0,
alverine,THUỐC,0,17627,alverine,0,
amiodarone,THUỐC,0,703,amiodarone,0,
amlodipine,THUỐC,0,308135,amlodipine,0,
amoxicillin,THUỐC,0,723,amoxicillin,0,
amoxicillin / clavulanate,THUỐC,0,19711,amoxicillin / clavulanate,0,
amoxicillin clavulanate,THUỐC,0,19711,amoxicillin clavulanate,0,
aspirin 325 mg,THUỐC,0,212033,aspirin 325 mg,0,
aspirin 325 mg x 1,THUỐC,0,212033,aspirin 325 mg x 1,0,
aspirin 81 mg (asa 81),THUỐC,0,243670,aspirin 81 mg (asa 81),0,
ativan,THUỐC,0,202479,ativan,0,
atorvastatin,THUỐC,0,83367,atorvastatin,0,
atorvastatin 80 mg daily,THUỐC,0,259255,atorvastatin 80 mg daily,0,
azathioprine,THUỐC,0,1256,azathioprine,0,
bacillus clausii,THUỐC,0,2600050,bacillus clausii,0,
cefepime,THUỐC,0,20481,cefepime,0,
ceftazidime,THUỐC,0,2191,ceftazidime,0,
ceftriaxone,THUỐC,0,2193,ceftriaxone,0,
cellcept,THUỐC,0,225542,cellcept,0,
cipro,THUỐC,0,203563,cipro,0,
clonazepam,THUỐC,0,197527,clonazepam,0,
clopidogrel,THUỐC,0,32968,clopidogrel,0,
combivent nebs x 3 every 20 minutes,THUỐC,0,214199,combivent nebs x 3 every 20 minutes,0,
desmopressin,THUỐC,0,3247,desmopressin,0,
dilaudid 3 mg,THUỐC,0,897692,dilaudid 3 mg,0,
dobutamine,THUỐC,0,3616,dobutamine,0,
docusate sodium,THUỐC,0,1099279,docusate sodium,0,
ertapenem,THUỐC,0,325642,ertapenem,0,
flagyl,THUỐC,0,202866,flagyl,0,
furosemid,THUỐC,0,4603,furosemid,0,
furosemide 40 mg đường uống,THUỐC,0,313988,furosemide 40 mg đường uống,0,
gabapentin,THUỐC,0,25480,gabapentin,0,
guaifenesin,THUỐC,0,5032,guaifenesin,0,
heparin,THUỐC,0,5224,heparin,0,
hydrochlorothiazide,THUỐC,0,5487,hydrochlorothiazide,0,
ibuprofen,THUỐC,0,5640,ibuprofen,0,
ipratropium,THUỐC,0,7213,ipratropium,0,
iron,THUỐC,0,90176,iron,0,
ketorolac,THUỐC,0,35827,ketorolac,0,
lasix 40 mg daily,THUỐC,0,313988,lasix 40 mg daily,0,
laxis 20 mg,THUỐC,0,202991,laxis 20 mg,0,
levofloxacin,THUỐC,0,82122,levofloxacin,0,
levofloxacin 750 mg iv,THUỐC,0,311296,levofloxacin 750 mg iv,0,
levophed,THUỐC,0,203457,levophed,0,
lisinopril,THUỐC,0,29046,lisinopril,0,
lisinopril 2.5 mg daily,THUỐC,0,311353,lisinopril 2.5 mg daily,0,
losartan,THUỐC,0,52175,losartan,0,
lovenox,THUỐC,0,225036,lovenox,0,
metformin,THUỐC,0,6809,metformin,0,
methylprednisolone 125 mg iv,THUỐC,0,311659,methylprednisolone 125 mg iv,0,
metoprolol (reduced from 50 mg to 25 mg daily),THUỐC,0,866924,metoprolol (reduced from 50 mg to 25 mg daily),0,
metoprolol 25 mg po bid,THUỐC,0,866924,metoprolol 25 mg po bid,0,
metoprolol 5 mg iv x 2,THUỐC,0,1807635,metoprolol 5 mg iv x 2,0,
metoprolol succinate 100 mg daily,THUỐC,0,866412,metoprolol succinate 100 mg daily,0,
motrin,THUỐC,0,5640,motrin,0,
nac,THUỐC,0,197,nac,0,
nitralmyl,THUỐC,0,4917,nitralmyl,0,
nitro,THUỐC,0,4917,nitro,0,
nitroglycerin dưới lưỡi,THUỐC,0,4917,nitroglycerin dưới lưỡi,0,
nitroglycerin đặt dưới lưỡi,THUỐC,0,4917,nitroglycerin đặt dưới lưỡi,0,
nystatin,THUỐC,0,7597,nystatin,0,
omez,THUỐC,0,7646,omez,0,
omez 20 mg,THUỐC,0,316408,omez 20 mg,0,
pantoprazole,THUỐC,0,40790,pantoprazole,0,
percocet,THUỐC,0,42844,percocet,0,
plavix,THUỐC,0,174742,plavix,0,
pravastatin,THUỐC,0,42463,pravastatin,0,
prednisone,THUỐC,0,8640,prednisone,0,
prednisone 40 mg,THUỐC,0,312615,prednisone 40 mg,0,
prograf,THUỐC,0,203969,prograf,0,
prograf (dose decreased from 5 mg bid to 1 mg bid),THUỐC,0,198377,prograf (dose decreased from 5 mg bid to 1 mg bid),0,
propofol,THUỐC,0,8782,propofol,0,
ranexa 500 mg daily,THUỐC,0,860738,ranexa 500 mg daily,0,
rosuvastatin,THUỐC,0,301542,rosuvastatin,0,
senna,THUỐC,0,312935,senna,0,
simethicon,THUỐC,0,9796,simethicon,0,
simethicon 100 mg,THUỐC,0,9796,simethicon 100 mg,0,
simethicone,THUỐC,0,9796,simethicone,0,
simvastatin,THUỐC,0,36567,simvastatin,0,
toradol,THUỐC,0,35827,toradol,0,
trimetazidin,THUỐC,0,10826,trimetazidin,0,
vanco,THUỐC,0,11124,vanco,0,
vicodin,THUỐC,0,214182,vicodin,0,
vitamin b 12,THUỐC,0,476630,vitamin b 12,0,
warfarin,THUỐC,0,11289,warfarin,0,
yếu tố ix,THUỐC,0,1424945,yếu tố ix,0,
yếu tố ix đậm đặc,THUỐC,0,1424945,yếu tố ix đậm đặc,0,
z-pack,THUỐC,0,210166,z-pack,0,
